{"sports_content":{"sports_meta":{"date_time":"2019-06-18 14:08:10.372 EDT","end_to_end_time_millis":"25804","consolidatedDomKey":"prod__transform__cms_scoreboard__10014743014416","season_meta":{"calendar_date":"20190618","season_year":"2018","stats_season_year":"2018","stats_season_id":"42018","stats_season_stage":"4","roster_season_year":"2018","schedule_season_year":"2018","standings_season_year":"2018","season_id":"42018","display_year":"2018-19","display_season":"Post Season","season_stage":"4","league_id":"00"},"next":{"url":"http://data.nba.net/5s/json/cms/noseason/scoreboard/20190503/games.json"}},"games":{"game":[{"id":"0041800203","game_url":"20190503/MILBOS","season_id":"42018","date":"20190503","time":"2000","arena":"TD Garden","city":"Boston","state":"MA","country":"USA","home_start_date":"20190503","home_start_time":"2000","visitor_start_date":"20190503","visitor_start_time":"1900","previewAvailable":"1","recapAvailable":"1","notebookAvailable":"0","tnt_ot":"0","buzzerBeater":"0","ticket":{"ticket_link":"https://a.data.nba.com/tickets/single/2018/0041800203/WEB_MWEB"},"period_time":{"period_value":"4","period_status":"Final","game_status":"3","game_clock":"","total_periods":"4","period_name":"Qtr"},"lp":{"lp_video":"true","condensed_bb":"true","visitor":{"audio":{"ENG":"false","SPA":"false"},"video":{"avl":"false","onAir":"false","archBB":"false"}},"home":{"audio":{"ENG":"false","SPA":"false"},"video":{"avl":"false","onAir":"false","archBB":"true"}}},"dl":{"link":[]},"broadcasters":{"radio":"","tv":{"broadcaster":[{"scope":"natl","home_visitor":"natl","display_name":"ESPN"},{"scope":"can","home_visitor":"can","display_name":"TSN4/5"}]}},"playoffs":{"round":"2","conference":"East","series":"1","gameId":"0041800203","gameStatus":"3","game_number":"3","game_necessary_flag":"0","home_seed":"4","visitor_seed":"1","home_wins":"1","visitor_wins":"2"},"visitor":{"id":"1610612749","team_key":"MIL","city":"Milwaukee","abbreviation":"MIL","nickname":"Bucks","url_name":"bucks","team_code":"bucks","score":"123","linescores":{"period":[{"period_value":"1","period_name":"Q1","score":"25"},{"period_value":"2","period_name":"Q2","score":"30"},{"period_value":"3","period_name":"Q3","score":"40"},{"period_value":"4","period_name":"Q4","score":"28"}]}},"home":{"id":"1610612738","team_key":"BOS","city":"Boston","abbreviation":"BOS","nickname":"Celtics","url_name":"celtics","team_code":"celtics","score":"116","linescores":{"period":[{"period_value":"1","period_name":"Q1","score":"30"},{"period_value":"2","period_name":"Q2","score":"26"},{"period_value":"3","period_name":"Q3","score":"31"},{"period_value":"4","period_name":"Q4","score":"29"}]}}},{"id":"0041800233","game_url":"20190503/DENPOR","season_id":"42018","date":"20190503","time":"2230","arena":"Moda Center","city":"Portland","state":"OR","country":"USA","home_start_date":"20190503","home_start_time":"1930","visitor_start_date":"20190503","visitor_start_time":"2030","previewAvailable":"1","recapAvailable":"1","notebookAvailable":"0","tnt_ot":"0","buzzerBeater":"0","ticket":{"ticket_link":"https://a.data.nba.com/tickets/single/2018/0041800233/WEB_MWEB"},"period_time":{"period_value":"8","period_status":"Final","game_status":"3","game_clock":"","total_periods":"4","period_name":"Qtr"},"lp":{"lp_video":"true","condensed_bb":"true","visitor":{"audio":{"ENG":"false","SPA":"false"},"video":{"avl":"false","onAir":"false","archBB":"false"}},"home":{"audio":{"ENG":"false","SPA":"false"},"video":{"avl":"false","onAir":"false","archBB":"true"}}},"dl":{"link":[]},"broadcasters":{"radio":{"broadcaster":[{"scope":"local","home_visitor":"visitor","display_name":"KKSE-FM 92.5"}]},"tv":{"broadcaster":[{"scope":"natl","home_visitor":"natl","display_name":"ESPN"},{"scope":"can","home_visitor":"can","display_name":"TSN5"}]}},"playoffs":{"round":"2","conference":"West","series":"2","gameId":"0041800233","gameStatus":"3","game_number":"3","game_necessary_flag":"0","home_seed":"3","visitor_seed":"2","home_wins":"2","visitor_wins":"1"},"visitor":{"id":"1610612743","team_key":"DEN","city":"Denver","abbreviation":"DEN","nickname":"Nuggets","url_name":"nuggets","team_code":"nuggets","score":"137","linescores":{"period":[{"period_value":"1","period_name":"Q1","score":"17"},{"period_value":"2","period_name":"Q2","score":"30"},{"period_value":"3","period_name":"Q3","score":"29"},{"period_value":"4","period_name":"Q4","score":"26"},{"period_value":"5","period_name":"OT1","score":"7"},{"period_value":"6","period_name":"OT2","score":"9"},{"period_value":"7","period_name":"OT3","score":"11"},{"period_value":"8","period_name":"OT4","score":"8"}]}},"home":{"id":"1610612757","team_key":"POR","city":"Portland","abbreviation":"POR","nickname":"Trail Blazers","url_name":"blazers","team_code":"blazers","score":"140","linescores":{"period":[{"period_value":"1","period_name":"Q1","score":"23"},{"period_value":"2","period_name":"Q2","score":"25"},{"period_value":"3","period_name":"Q3","score":"33"},{"period_value":"4","period_name":"Q4","score":"21"},{"period_value":"5","period_name":"OT1","score":"7"},{"period_value":"6","period_name":"OT2","score":"9"},{"period_value":"7","period_name":"OT3","score":"11"},{"period_value":"8","period_name":"OT4","score":"11"}]}}}]}}}