{"sports_content":{"sports_meta":{"date_time":"2020-01-27 03:04:23.868 EST","end_to_end_time_millis":"22018","consolidatedDomKey":"prod__transform__cms_scoreboard__3247517037495","season_meta":{"calendar_date":"20200127","season_year":"2019","stats_season_year":"2019","stats_season_id":"22019","stats_season_stage":"2","roster_season_year":"2019","schedule_season_year":"2019","standings_season_year":"2019","season_id":"22019","display_year":"2019-20","display_season":"Regular Season","season_stage":"2","league_id":"00"},"next":{"url":"http://data.nba.net/5s/json/cms/noseason/scoreboard/20200129/games.json"}},"games":{"game":[{"id":"0021900708","game_url":"20200129/CHIIND","season_id":"22019","date":"20200129","time":"1900","arena":"Bankers Life Fieldhouse","city":"Indianapolis","state":"IN","country":"USA","home_start_date":"20200129","home_start_time":"1900","visitor_start_date":"20200129","visitor_start_time":"1800","previewAvailable":"0","recapAvailable":"0","notebookAvailable":"0","tnt_ot":"0","buzzerBeater":"0","ticket":{"ticket_link":"https://a.data.nba.com/tickets/single/2019/0021900708/WEB_MWEB"},"period_time":{"period_value":"","period_status":"7:00 pm ET","game_status":"1","game_clock":"","total_periods":"4","period_name":"Qtr"},"lp":{"lp_video":"true","condensed_bb":"false","visitor":{"audio":{"ENG":"false","SPA":"false"},"video":{"avl":"false","onAir":"false","archBB":"false"}},"home":{"audio":{"ENG":"false","SPA":"false"},"video":{"avl":"false","onAir":"false","archBB":"false"}}},"dl":{"link":[]},"broadcasters":{"radio":{"broadcaster":[{"scope":"local","home_visitor":"visitor","display_name":"WSCR-AM 670"},{"scope":"local","home_visitor":"home","display_name":"93.5/107.5 FM The Fan"}]},"tv":{"broadcaster":[{"scope":"local","home_visitor":"home","display_name":"Fox Sports Indiana"},{"scope":"local","home_visitor":"visitor","display_name":"NBC Sports Chicago"}]}},"visitor":{"id":"1610612741","team_key":"CHI","city":"Chicago","abbreviation":"CHI","nickname":"Bulls","url_name":"bulls","team_code":"bulls","score":""},"home":{"id":"1610612754","team_key":"IND","city":"Indiana","abbreviation":"IND","nickname":"Pacers","url_name":"pacers","team_code":"pacers","score":""}},{"id":"0021900709","game_url":"20200129/DETBKN","season_id":"22019","date":"20200129","time":"1930","arena":"Barclays Center","city":"Brooklyn","state":"NY","country":"USA","home_start_date":"20200129","home_start_time":"1930","visitor_start_date":"20200129","visitor_start_time":"1930","previewAvailable":"0","recapAvailable":"0","notebookAvailable":"0","tnt_ot":"0","buzzerBeater":"0","ticket":{"ticket_link":"https://a.data.nba.com/tickets/single/2019/0021900709/WEB_MWEB"},"period_time":{"period_value":"","period_status":"7:30 pm ET","game_status":"1","game_clock":"","total_periods":"4","period_name":"Qtr"},"lp":{"lp_video":"true","condensed_bb":"false","visitor":{"audio":{"ENG":"false","SPA":"false"},"video":{"avl":"false","onAir":"false","archBB":"false"}},"home":{"audio":{"ENG":"false","SPA":"false"},"video":{"avl":"false","onAir":"false","archBB":"false"}}},"dl":{"link":[]},"broadcasters":{"radio":{"broadcaster":[{"scope":"local","home_visitor":"visitor","display_name":"97.1 FM The Ticket"},{"scope":"local","home_visitor":"home","display_name":"WFAN"}]},"tv":{"broadcaster":[{"scope":"natl","home_visitor":"natl","display_name":"ESPN"},{"scope":"can","home_visitor":"can","display_name":"NBA TV Canada"},{"scope":"local","home_visitor":"home","display_name":"YES"},{"scope":"local","home_visitor":"visitor","display_name":"Fox Sports Detroit"}]}},"visitor":{"id":"1610612765","team_key":"DET","city":"Detroit","abbreviation":"DET","nickname":"Pistons","url_name":"pistons","team_code":"pistons","score":""},"home":{"id":"1610612751","team_key":"BKN","city":"Brooklyn","abbreviation":"BKN","nickname":"Nets","url_name":"nets","team_code":"nets","score":""}},{"id":"0021900710","game_url":"20200129/MEMNYK","season_id":"22019","date":"20200129","time":"1930","arena":"Madison Square Garden","city":"New York","state":"NY","country":"USA","home_start_date":"20200129","home_start_time":"1930","visitor_start_date":"20200129","visitor_start_time":"1830","previewAvailable":"0","recapAvailable":"0","notebookAvailable":"0","tnt_ot":"0","buzzerBeater":"0","ticket":{"ticket_link":"https://a.data.nba.com/tickets/single/2019/0021900710/WEB_MWEB"},"period_time":{"period_value":"","period_status":"7:30 pm ET","game_status":"1","game_clock":"","total_periods":"4","period_name":"Qtr"},"lp":{"lp_video":"true","condensed_bb":"false","visitor":{"audio":{"ENG":"false","SPA":"false"},"video":{"avl":"false","onAir":"false","archBB":"false"}},"home":{"audio":{"ENG":"false","SPA":"false"},"video":{"avl":"false","onAir":"false","archBB":"false"}}},"dl":{"link":[{"name":"MSG","long_nm":"MSG","code":"nykr","url":"http://www.msggo.com/","mobile_url":"","home_visitor":"home"}]},"broadcasters":{"radio":{"broadcaster":[{"scope":"local","home_visitor":"visitor","display_name":"ESPN Radio 92.9FM / 680AM"},{"scope":"local","home_visitor":"home","display_name":"ESPN NY 98.7"}]},"tv":{"broadcaster":[{"scope":"local","home_visitor":"home","display_name":"MSG"},{"scope":"local","home_visitor":"visitor","display_name":"Fox Sports Southeast - Memphis"}]}},"visitor":{"id":"1610612763","team_key":"MEM","city":"Memphis","abbreviation":"MEM","nickname":"Grizzlies","url_name":"grizzlies","team_code":"grizzlies","score":""},"home":{"id":"1610612752","team_key":"NYK","city":"New York","abbreviation":"NYK","nickname":"Knicks","url_name":"knicks","team_code":"knicks","score":""}},{"id":"0021900711","game_url":"20200129/UTASAS","season_id":"22019","date":"20200129","time":"2030","arena":"AT&T Center","city":"San Antonio","state":"TX","country":"USA","home_start_date":"20200129","home_start_time":"1930","visitor_start_date":"20200129","visitor_start_time":"1830","previewAvailable":"0","recapAvailable":"0","notebookAvailable":"0","tnt_ot":"0","buzzerBeater":"0","ticket":{"ticket_link":"https://a.data.nba.com/tickets/single/2019/0021900711/WEB_MWEB"},"period_time":{"period_value":"","period_status":"8:30 pm ET","game_status":"1","game_clock":"","total_periods":"4","period_name":"Qtr"},"lp":{"lp_video":"true","condensed_bb":"false","visitor":{"audio":{"ENG":"false","SPA":"false"},"video":{"avl":"false","onAir":"false","archBB":"false"}},"home":{"audio":{"ENG":"false","SPA":"false"},"video":{"avl":"false","onAir":"false","archBB":"false"}}},"dl":{"link":[]},"broadcasters":{"radio":{"broadcaster":[{"scope":"local","home_visitor":"visitor","display_name":"97.5 FM | 1280 AM The Zone"},{"scope":"local","home_visitor":"home","display_name":"WOAI 1200AM | S: KTXN 1350AM / 107.5FM H"}]},"tv":{"broadcaster":[{"scope":"local","home_visitor":"home","display_name":"Fox Sports Southwest - San Antonio"},{"scope":"local","home_visitor":"visitor","display_name":"AT&T Sportsnet - Rocky Mountain"}]}},"visitor":{"id":"1610612762","team_key":"UTA","city":"Utah","abbreviation":"UTA","nickname":"Jazz","url_name":"jazz","team_code":"jazz","score":""},"home":{"id":"1610612759","team_key":"SAS","city":"San Antonio","abbreviation":"SAS","nickname":"Spurs","url_name":"spurs","team_code":"spurs","score":""}},{"id":"0021900712","game_url":"20200129/HOUPOR","season_id":"22019","date":"20200129","time":"2200","arena":"Moda Center","city":"Portland","state":"OR","country":"USA","home_start_date":"20200129","home_start_time":"1900","visitor_start_date":"20200129","visitor_start_time":"2100","previewAvailable":"0","recapAvailable":"0","notebookAvailable":"0","tnt_ot":"0","buzzerBeater":"0","ticket":{"ticket_link":"https://a.data.nba.com/tickets/single/2019/0021900712/WEB_MWEB"},"period_time":{"period_value":"","period_status":"10:00 pm ET","game_status":"1","game_clock":"","total_periods":"4","period_name":"Qtr"},"lp":{"lp_video":"true","condensed_bb":"false","visitor":{"audio":{"ENG":"false","SPA":"false"},"video":{"avl":"false","onAir":"false","archBB":"false"}},"home":{"audio":{"ENG":"false","SPA":"false"},"video":{"avl":"false","onAir":"false","archBB":"false"}}},"dl":{"link":[]},"broadcasters":{"radio":{"broadcaster":[{"scope":"local","home_visitor":"visitor","display_name":"790 KBME & 740 KTRH / 850 KEYH & 101.7 F"},{"scope":"local","home_visitor":"home","display_name":"Rip City Radio 620"}]},"tv":{"broadcaster":[{"scope":"natl","home_visitor":"natl","display_name":"ESPN"},{"scope":"can","home_visitor":"can","display_name":"NBA TV Canada"},{"scope":"local","home_visitor":"home","display_name":"NBC Sports Northwest"},{"scope":"local","home_visitor":"visitor","display_name":"AT&T Sportsnet - Southwest"}]}},"visitor":{"id":"1610612745","team_key":"HOU","city":"Houston","abbreviation":"HOU","nickname":"Rockets","url_name":"rockets","team_code":"rockets","score":""},"home":{"id":"1610612757","team_key":"POR","city":"Portland","abbreviation":"POR","nickname":"Trail Blazers","url_name":"blazers","team_code":"blazers","score":""}},{"id":"0021900713","game_url":"20200129/OKCSAC","season_id":"22019","date":"20200129","time":"2200","arena":"Golden 1 Center","city":"Sacramento","state":"CA","country":"USA","home_start_date":"20200129","home_start_time":"1900","visitor_start_date":"20200129","visitor_start_time":"2100","previewAvailable":"0","recapAvailable":"0","notebookAvailable":"0","tnt_ot":"0","buzzerBeater":"0","ticket":{"ticket_link":"https://a.data.nba.com/tickets/single/2019/0021900713/WEB_MWEB"},"period_time":{"period_value":"","period_status":"10:00 pm ET","game_status":"1","game_clock":"","total_periods":"4","period_name":"Qtr"},"lp":{"lp_video":"true","condensed_bb":"false","visitor":{"audio":{"ENG":"false","SPA":"false"},"video":{"avl":"false","onAir":"false","archBB":"false"}},"home":{"audio":{"ENG":"false","SPA":"false"},"video":{"avl":"false","onAir":"false","archBB":"false"}}},"dl":{"link":[]},"broadcasters":{"radio":{"broadcaster":[{"scope":"local","home_visitor":"visitor","display_name":"WWLS 98.1FM OKC"},{"scope":"local","home_visitor":"home","display_name":"KHTK Sports 1140 AM"}]},"tv":{"broadcaster":[{"scope":"local","home_visitor":"home","display_name":"NBC Sports California"},{"scope":"local","home_visitor":"visitor","display_name":"Fox Sports Oklahoma"}]}},"visitor":{"id":"1610612760","team_key":"OKC","city":"Oklahoma City","abbreviation":"OKC","nickname":"Thunder","url_name":"thunder","team_code":"thunder","score":""},"home":{"id":"1610612758","team_key":"SAC","city":"Sacramento","abbreviation":"SAC","nickname":"Kings","url_name":"kings","team_code":"kings","score":""}}]}}}