{
  "_internal": {
    "pubDateTime": "2020-01-28 00:55:08.310 EST",
    "igorPath": "S3,1580190891193,1580190897215|nbads,1580190897215,1580190897977|poller16,1580190907842,1580190907879|router,1580190907879,1580190907901|boxscoreProcessor,1580190907902,1580190908005|domUpdater,1580190908006,1580190908111|feedProducer,1580190908112,1580190908666",
    "routeName": "game_nugget",
    "routeValue": "S3::apigateway_nugget_0021900697.xml",
    "xslt": "NBA/xsl/game/boxscore/marty_boxscore.xsl",
    "xsltForceRecompile": "true",
    "xsltInCache": "false",
    "xsltCompileTimeMillis": "187",
    "xsltTransformTimeMillis": "94",
    "consolidatedDomKey": "prod__transform__marty_boxscore__10129723475669",
    "endToEndTimeMillis": "17473"
  },
  "basicGameData": {
    "seasonStageId": 2,
    "seasonYear": "2019",
    "leagueName": "standard",
    "gameId": "0021900697",
    "arena": {
      "name": "Chesapeake Energy Arena",
      "isDomestic": true,
      "city": "Oklahoma City",
      "stateAbbr": "OK",
      "country": "USA"
    },
    "isGameActivated": false,
    "statusNum": 3,
    "extendedStatusNum": 0,
    "startTimeEastern": "8:00 PM ET",
    "startTimeUTC": "2020-01-28T01:00:00.000Z",
    "endTimeUTC": "2020-01-28T03:13:00.000Z",
    "startDateEastern": "20200127",
    "homeStartDate": "20200127",
    "homeStartTime": "1900",
    "visitorStartDate": "20200127",
    "visitorStartTime": "1900",
    "gameUrlCode": "20200127/DALOKC",
    "clock": "",
    "isBuzzerBeater": false,
    "isPreviewArticleAvail": true,
    "isRecapArticleAvail": true,
    "nugget": { "text": "Doncic: 29 pts, 11 reb | Porzingis: 14 pts, 10 reb" },
    "attendance": "18203",
    "tickets": {
      "mobileApp": "https://a.data.nba.com/tickets/single/2019/0021900697/APP_TIX",
      "desktopWeb": "https://a.data.nba.com/tickets/single/2019/0021900697/TEAM_SCH",
      "mobileWeb": "https://a.data.nba.com/tickets/single/2019/0021900697/WEB_MWEB",
      "leagGameInfo": "https://a.data.nba.com/tickets/single/2019/0021900697/LEAG_GAMEINFO",
      "leagTix": "https://a.data.nba.com/tickets/single/2019/0021900697/LEAG_TIX"
    },
    "hasGameBookPdf": true,
    "isStartTimeTBD": false,
    "gameDuration": { "hours": "2", "minutes": "02" },
    "period": {
      "current": 4,
      "type": 0,
      "maxRegular": 4,
      "isHalftime": false,
      "isEndOfPeriod": false
    },
    "vTeam": {
      "teamId": "1610612742",
      "triCode": "DAL",
      "win": "29",
      "loss": "17",
      "seriesWin": "1",
      "seriesLoss": "1",
      "score": "107",
      "linescore": [
        { "score": "25" },
        { "score": "34" },
        { "score": "29" },
        { "score": "19" }
      ]
    },
    "hTeam": {
      "teamId": "1610612760",
      "triCode": "OKC",
      "win": "28",
      "loss": "20",
      "seriesWin": "1",
      "seriesLoss": "1",
      "score": "97",
      "linescore": [
        { "score": "22" },
        { "score": "25" },
        { "score": "30" },
        { "score": "20" }
      ]
    },
    "watch": {
      "broadcast": {
        "broadcasters": {
          "national": [],
          "canadian": [{ "shortName": "SN1", "longName": "SN1" }],
          "vTeam": [
            {
              "shortName": "FSSW-DAL",
              "longName": "Fox Sports Southwest - Dallas"
            }
          ],
          "hTeam": [{ "shortName": "FSOK", "longName": "Fox Sports Oklahoma" }],
          "spanish_hTeam": [],
          "spanish_vTeam": [],
          "spanish_national": []
        },
        "video": {
          "regionalBlackoutCodes": "torr_okcr_dalr",
          "canPurchase": true,
          "isLeaguePass": true,
          "isNationalBlackout": false,
          "isTNTOT": false,
          "isVR": true,
          "tntotIsOnAir": false,
          "isNextVR": false,
          "isNBAOnTNTVR": false,
          "isMagicLeap": true,
          "isOculusVenues": false,
          "streams": [
            {
              "streamType": "vTeam",
              "isOnAir": false,
              "doesArchiveExist": true,
              "isArchiveAvailToWatch": true,
              "streamId": "100219006971220",
              "duration": 0
            },
            {
              "streamType": "hTeam",
              "isOnAir": false,
              "doesArchiveExist": true,
              "isArchiveAvailToWatch": true,
              "streamId": "100219006971120",
              "duration": 0
            },
            {
              "streamType": "espanol_vTeam",
              "isOnAir": false,
              "doesArchiveExist": false,
              "isArchiveAvailToWatch": false,
              "streamId": "",
              "duration": 0
            },
            {
              "streamType": "espanol_hTeam",
              "isOnAir": false,
              "doesArchiveExist": false,
              "isArchiveAvailToWatch": false,
              "streamId": "",
              "duration": 0
            },
            {
              "streamType": "espanol_natl",
              "isOnAir": false,
              "doesArchiveExist": false,
              "isArchiveAvailToWatch": false,
              "streamId": "",
              "duration": 0
            },
            {
              "streamType": "mobile",
              "isOnAir": false,
              "doesArchiveExist": true,
              "isArchiveAvailToWatch": true,
              "streamId": "100219006971320",
              "duration": 0
            },
            {
              "streamType": "condensed",
              "isOnAir": false,
              "doesArchiveExist": true,
              "isArchiveAvailToWatch": true,
              "streamId": "100219006971030",
              "duration": 0
            },
            {
              "streamType": "alt",
              "isOnAir": false,
              "doesArchiveExist": false,
              "isArchiveAvailToWatch": false,
              "streamId": "",
              "duration": 0
            }
          ],
          "deepLink": []
        },
        "audio": {
          "national": {
            "streams": [
              { "language": "English", "isOnAir": false, "streamId": "" },
              { "language": "Spanish", "isOnAir": false, "streamId": "" }
            ],
            "broadcasters": []
          },
          "vTeam": {
            "streams": [
              {
                "language": "English",
                "isOnAir": true,
                "streamId": "100219006972211"
              },
              {
                "language": "Spanish",
                "isOnAir": true,
                "streamId": "100219006972212"
              }
            ],
            "broadcasters": [
              {
                "shortName": "ESPN 103.3 FM / 1270 AM (ESP)",
                "longName": "ESPN 103.3 FM / 1270 AM (ESP)"
              }
            ]
          },
          "hTeam": {
            "streams": [
              {
                "language": "English",
                "isOnAir": true,
                "streamId": "100219006972111"
              },
              {
                "language": "Spanish",
                "isOnAir": true,
                "streamId": "100219006972112"
              }
            ],
            "broadcasters": [
              {
                "shortName": "WWLS 98.1FM OKC / 930AM (ESP)",
                "longName": "WWLS 98.1FM OKC / 930AM (ESP)"
              }
            ]
          }
        }
      }
    },
    "officials": {
      "formatted": [
        { "firstNameLastName": "Tony Brothers" },
        { "firstNameLastName": "Karl Lane" },
        { "firstNameLastName": "Brandon Adair" }
      ]
    }
  },
  "previousMatchup": { "gameId": "0021900503", "gameDate": "20191231" },
  "stats": {
    "timesTied": "4",
    "leadChanges": "5",
    "vTeam": {
      "fastBreakPoints": "10",
      "pointsInPaint": "36",
      "biggestLead": "16",
      "secondChancePoints": "18",
      "pointsOffTurnovers": "7",
      "longestRun": "9",
      "totals": {
        "points": "107",
        "fgm": "41",
        "fga": "99",
        "fgp": "41.4",
        "ftm": "6",
        "fta": "9",
        "ftp": "66.7",
        "tpm": "19",
        "tpa": "51",
        "tpp": "37.3",
        "offReb": "12",
        "defReb": "44",
        "totReb": "56",
        "assists": "21",
        "pFouls": "16",
        "steals": "3",
        "turnovers": "7",
        "blocks": "3",
        "plusMinus": "10",
        "min": "240:00",
        "short_timeout_remaining": "0",
        "full_timeout_remaining": "2",
        "team_fouls": "15"
      },
      "leaders": {
        "points": {
          "value": "29",
          "players": [
            { "personId": "1629029", "firstName": "Luka", "lastName": "Doncic" }
          ]
        },
        "rebounds": {
          "value": "12",
          "players": [
            {
              "personId": "1626153",
              "firstName": "Delon",
              "lastName": "Wright"
            }
          ]
        },
        "assists": {
          "value": "5",
          "players": [
            { "personId": "1629029", "firstName": "Luka", "lastName": "Doncic" }
          ]
        }
      }
    },
    "hTeam": {
      "fastBreakPoints": "8",
      "pointsInPaint": "36",
      "biggestLead": "4",
      "secondChancePoints": "4",
      "pointsOffTurnovers": "0",
      "longestRun": "11",
      "totals": {
        "points": "97",
        "fgm": "34",
        "fga": "86",
        "fgp": "39.5",
        "ftm": "17",
        "fta": "19",
        "ftp": "89.5",
        "tpm": "12",
        "tpa": "30",
        "tpp": "40.0",
        "offReb": "6",
        "defReb": "42",
        "totReb": "48",
        "assists": "23",
        "pFouls": "11",
        "steals": "2",
        "turnovers": "8",
        "blocks": "4",
        "plusMinus": "-10",
        "min": "240:00",
        "short_timeout_remaining": "0",
        "full_timeout_remaining": "2",
        "team_fouls": "8"
      },
      "leaders": {
        "points": {
          "value": "21",
          "players": [
            {
              "personId": "203471",
              "firstName": "Dennis",
              "lastName": "Schroder"
            }
          ]
        },
        "rebounds": {
          "value": "11",
          "players": [
            {
              "personId": "1628983",
              "firstName": "Shai",
              "lastName": "Gilgeous-Alexander"
            }
          ]
        },
        "assists": {
          "value": "6",
          "players": [
            {
              "personId": "201568",
              "firstName": "Danilo",
              "lastName": "Gallinari"
            },
            {
              "personId": "203471",
              "firstName": "Dennis",
              "lastName": "Schroder"
            }
          ]
        }
      }
    },
    "activePlayers": [
      {
        "personId": "203501",
        "firstName": "Tim",
        "lastName": "Hardaway Jr.",
        "jersey": "11",
        "teamId": "1610612742",
        "isOnCourt": true,
        "points": "15",
        "pos": "SF",
        "position_full": "Small Forward",
        "player_code": "tim_hardaway jr.",
        "min": "35:19",
        "fgm": "6",
        "fga": "12",
        "fgp": "50.0",
        "ftm": "0",
        "fta": "0",
        "ftp": "0.0",
        "tpm": "3",
        "tpa": "7",
        "tpp": "42.9",
        "offReb": "0",
        "defReb": "3",
        "totReb": "3",
        "assists": "0",
        "pFouls": "2",
        "steals": "0",
        "turnovers": "0",
        "blocks": "0",
        "plusMinus": "16",
        "dnp": "",
        "sortKey": {
          "name": 1,
          "pos": 0,
          "points": 4,
          "min": 2,
          "fgm": 4,
          "fga": 6,
          "fgp": 7,
          "ftm": 24,
          "fta": 24,
          "ftp": 24,
          "tpm": 5,
          "tpa": 4,
          "tpp": 7,
          "offReb": 24,
          "defReb": 14,
          "totReb": 15,
          "assists": 24,
          "pFouls": 10,
          "steals": 24,
          "turnovers": 24,
          "blocks": 24,
          "plusMinus": 1
        }
      },
      {
        "personId": "1627827",
        "firstName": "Dorian",
        "lastName": "Finney-Smith",
        "jersey": "10",
        "teamId": "1610612742",
        "isOnCourt": true,
        "points": "2",
        "pos": "PF",
        "position_full": "Power Forward",
        "player_code": "dorian_finney-smith",
        "min": "28:02",
        "fgm": "1",
        "fga": "5",
        "fgp": "20.0",
        "ftm": "0",
        "fta": "0",
        "ftp": "0.0",
        "tpm": "0",
        "tpa": "3",
        "tpp": "0.0",
        "offReb": "3",
        "defReb": "5",
        "totReb": "8",
        "assists": "0",
        "pFouls": "2",
        "steals": "0",
        "turnovers": "0",
        "blocks": "0",
        "plusMinus": "-4",
        "dnp": "",
        "sortKey": {
          "name": 2,
          "pos": 0,
          "points": 19,
          "min": 7,
          "fgm": 18,
          "fga": 15,
          "fgp": 19,
          "ftm": 13,
          "fta": 13,
          "ftp": 13,
          "tpm": 18,
          "tpa": 12,
          "tpp": 18,
          "offReb": 3,
          "defReb": 7,
          "totReb": 5,
          "assists": 16,
          "pFouls": 5,
          "steals": 10,
          "turnovers": 14,
          "blocks": 13,
          "plusMinus": 20
        }
      },
      {
        "personId": "204001",
        "firstName": "Kristaps",
        "lastName": "Porzingis",
        "jersey": "6",
        "teamId": "1610612742",
        "isOnCourt": false,
        "points": "14",
        "pos": "C",
        "position_full": "Center",
        "player_code": "kristaps_porzingis",
        "min": "26:27",
        "fgm": "5",
        "fga": "15",
        "fgp": "33.3",
        "ftm": "2",
        "fta": "2",
        "ftp": "100",
        "tpm": "2",
        "tpa": "7",
        "tpp": "28.6",
        "offReb": "0",
        "defReb": "10",
        "totReb": "10",
        "assists": "3",
        "pFouls": "1",
        "steals": "1",
        "turnovers": "0",
        "blocks": "1",
        "plusMinus": "7",
        "dnp": "",
        "sortKey": {
          "name": 3,
          "pos": 0,
          "points": 7,
          "min": 9,
          "fgm": 6,
          "fga": 4,
          "fgp": 15,
          "ftm": 6,
          "fta": 6,
          "ftp": 3,
          "tpm": 8,
          "tpa": 3,
          "tpp": 14,
          "offReb": 19,
          "defReb": 1,
          "totReb": 4,
          "assists": 9,
          "pFouls": 12,
          "steals": 4,
          "turnovers": 19,
          "blocks": 4,
          "plusMinus": 4
        }
      },
      {
        "personId": "203552",
        "firstName": "Seth",
        "lastName": "Curry",
        "jersey": "30",
        "teamId": "1610612742",
        "isOnCourt": true,
        "points": "8",
        "pos": "SG",
        "position_full": "Shooting Guard",
        "player_code": "seth_curry",
        "min": "29:58",
        "fgm": "3",
        "fga": "8",
        "fgp": "37.5",
        "ftm": "0",
        "fta": "0",
        "ftp": "0.0",
        "tpm": "2",
        "tpa": "5",
        "tpp": "40.0",
        "offReb": "0",
        "defReb": "4",
        "totReb": "4",
        "assists": "2",
        "pFouls": "1",
        "steals": "0",
        "turnovers": "1",
        "blocks": "0",
        "plusMinus": "1",
        "dnp": "",
        "sortKey": {
          "name": 4,
          "pos": 0,
          "points": 13,
          "min": 6,
          "fgm": 14,
          "fga": 12,
          "fgp": 12,
          "ftm": 23,
          "fta": 23,
          "ftp": 23,
          "tpm": 9,
          "tpa": 9,
          "tpp": 10,
          "offReb": 22,
          "defReb": 13,
          "totReb": 13,
          "assists": 10,
          "pFouls": 14,
          "steals": 21,
          "turnovers": 9,
          "blocks": 22,
          "plusMinus": 9
        }
      },
      {
        "personId": "1629029",
        "firstName": "Luka",
        "lastName": "Doncic",
        "jersey": "77",
        "teamId": "1610612742",
        "isOnCourt": true,
        "points": "29",
        "pos": "PG",
        "position_full": "Point Guard",
        "player_code": "luka_don",
        "min": "33:15",
        "fgm": "10",
        "fga": "24",
        "fgp": "41.7",
        "ftm": "4",
        "fta": "7",
        "ftp": "57.1",
        "tpm": "5",
        "tpa": "12",
        "tpp": "41.7",
        "offReb": "2",
        "defReb": "9",
        "totReb": "11",
        "assists": "5",
        "pFouls": "2",
        "steals": "0",
        "turnovers": "0",
        "blocks": "0",
        "plusMinus": "0",
        "dnp": "",
        "sortKey": {
          "name": 5,
          "pos": 0,
          "points": 1,
          "min": 3,
          "fgm": 1,
          "fga": 1,
          "fgp": 10,
          "ftm": 3,
          "fta": 1,
          "ftp": 6,
          "tpm": 1,
          "tpa": 1,
          "tpp": 8,
          "offReb": 4,
          "defReb": 3,
          "totReb": 2,
          "assists": 3,
          "pFouls": 7,
          "steals": 18,
          "turnovers": 21,
          "blocks": 20,
          "plusMinus": 16
        }
      },
      {
        "personId": "1628467",
        "firstName": "Maxi",
        "lastName": "Kleber",
        "jersey": "42",
        "teamId": "1610612742",
        "isOnCourt": true,
        "points": "11",
        "pos": "",
        "position_full": "",
        "player_code": "maxi_kleber",
        "min": "21:33",
        "fgm": "4",
        "fga": "8",
        "fgp": "50.0",
        "ftm": "0",
        "fta": "0",
        "ftp": "0.0",
        "tpm": "3",
        "tpa": "6",
        "tpp": "50.0",
        "offReb": "1",
        "defReb": "2",
        "totReb": "3",
        "assists": "0",
        "pFouls": "2",
        "steals": "1",
        "turnovers": "2",
        "blocks": "1",
        "plusMinus": "3",
        "dnp": "",
        "sortKey": {
          "name": 6,
          "pos": 0,
          "points": 9,
          "min": 14,
          "fgm": 10,
          "fga": 11,
          "fgp": 5,
          "ftm": 21,
          "fta": 21,
          "ftp": 21,
          "tpm": 3,
          "tpa": 5,
          "tpp": 4,
          "offReb": 6,
          "defReb": 15,
          "totReb": 14,
          "assists": 22,
          "pFouls": 8,
          "steals": 5,
          "turnovers": 5,
          "blocks": 5,
          "plusMinus": 6
        }
      },
      {
        "personId": "1626153",
        "firstName": "Delon",
        "lastName": "Wright",
        "jersey": "55",
        "teamId": "1610612742",
        "isOnCourt": false,
        "points": "14",
        "pos": "",
        "position_full": "",
        "player_code": "delon_wright",
        "min": "27:06",
        "fgm": "6",
        "fga": "10",
        "fgp": "60.0",
        "ftm": "0",
        "fta": "0",
        "ftp": "0.0",
        "tpm": "2",
        "tpa": "4",
        "tpp": "50.0",
        "offReb": "6",
        "defReb": "6",
        "totReb": "12",
        "assists": "4",
        "pFouls": "2",
        "steals": "1",
        "turnovers": "2",
        "blocks": "0",
        "plusMinus": "4",
        "dnp": "",
        "sortKey": {
          "name": 7,
          "pos": 0,
          "points": 6,
          "min": 8,
          "fgm": 2,
          "fga": 8,
          "fgp": 3,
          "ftm": 11,
          "fta": 11,
          "ftp": 11,
          "tpm": 7,
          "tpa": 10,
          "tpp": 2,
          "offReb": 1,
          "defReb": 5,
          "totReb": 1,
          "assists": 4,
          "pFouls": 3,
          "steals": 2,
          "turnovers": 2,
          "blocks": 12,
          "plusMinus": 5
        }
      },
      {
        "personId": "1628382",
        "firstName": "Justin",
        "lastName": "Jackson",
        "jersey": "44",
        "teamId": "1610612742",
        "isOnCourt": false,
        "points": "5",
        "pos": "",
        "position_full": "",
        "player_code": "justin_jackson",
        "min": "22:16",
        "fgm": "2",
        "fga": "8",
        "fgp": "25.0",
        "ftm": "0",
        "fta": "0",
        "ftp": "0.0",
        "tpm": "1",
        "tpa": "5",
        "tpp": "20.0",
        "offReb": "0",
        "defReb": "4",
        "totReb": "4",
        "assists": "3",
        "pFouls": "1",
        "steals": "0",
        "turnovers": "0",
        "blocks": "1",
        "plusMinus": "11",
        "dnp": "",
        "sortKey": {
          "name": 8,
          "pos": 0,
          "points": 15,
          "min": 13,
          "fgm": 15,
          "fga": 10,
          "fgp": 17,
          "ftm": 18,
          "fta": 18,
          "ftp": 18,
          "tpm": 13,
          "tpa": 8,
          "tpp": 15,
          "offReb": 17,
          "defReb": 11,
          "totReb": 12,
          "assists": 8,
          "pFouls": 11,
          "steals": 15,
          "turnovers": 17,
          "blocks": 3,
          "plusMinus": 3
        }
      },
      {
        "personId": "1628973",
        "firstName": "Jalen",
        "lastName": "Brunson",
        "jersey": "13",
        "teamId": "1610612742",
        "isOnCourt": false,
        "points": "9",
        "pos": "",
        "position_full": "",
        "player_code": "jalen_brunson",
        "min": "16:03",
        "fgm": "4",
        "fga": "9",
        "fgp": "44.4",
        "ftm": "0",
        "fta": "0",
        "ftp": "0.0",
        "tpm": "1",
        "tpa": "2",
        "tpp": "50.0",
        "offReb": "0",
        "defReb": "1",
        "totReb": "1",
        "assists": "4",
        "pFouls": "3",
        "steals": "0",
        "turnovers": "2",
        "blocks": "0",
        "plusMinus": "12",
        "dnp": "",
        "sortKey": {
          "name": 9,
          "pos": 0,
          "points": 10,
          "min": 18,
          "fgm": 9,
          "fga": 9,
          "fgp": 9,
          "ftm": 17,
          "fta": 17,
          "ftp": 17,
          "tpm": 12,
          "tpa": 15,
          "tpp": 3,
          "offReb": 16,
          "defReb": 17,
          "totReb": 17,
          "assists": 5,
          "pFouls": 1,
          "steals": 14,
          "turnovers": 4,
          "blocks": 17,
          "plusMinus": 2
        }
      },
      {
        "personId": "200826",
        "firstName": "J.J.",
        "lastName": "Barea",
        "jersey": "5",
        "teamId": "1610612742",
        "isOnCourt": false,
        "points": "0",
        "pos": "",
        "position_full": "",
        "player_code": "j.j._barea",
        "min": "0:00",
        "fgm": "0",
        "fga": "0",
        "fgp": "0.0",
        "ftm": "0",
        "fta": "0",
        "ftp": "0.0",
        "tpm": "0",
        "tpa": "0",
        "tpp": "0.0",
        "offReb": "0",
        "defReb": "0",
        "totReb": "0",
        "assists": "0",
        "pFouls": "0",
        "steals": "0",
        "turnovers": "0",
        "blocks": "0",
        "plusMinus": "0",
        "dnp": "",
        "sortKey": {
          "name": 10,
          "pos": 0,
          "points": 23,
          "min": 24,
          "fgm": 23,
          "fga": 24,
          "fgp": 23,
          "ftm": 16,
          "fta": 16,
          "ftp": 16,
          "tpm": 21,
          "tpa": 22,
          "tpp": 21,
          "offReb": 15,
          "defReb": 23,
          "totReb": 23,
          "assists": 19,
          "pFouls": 22,
          "steals": 13,
          "turnovers": 16,
          "blocks": 16,
          "plusMinus": 14
        }
      },
      {
        "personId": "1626161",
        "firstName": "Willie",
        "lastName": "Cauley-Stein",
        "jersey": "33",
        "teamId": "1610612742",
        "isOnCourt": false,
        "points": "0",
        "pos": "",
        "position_full": "",
        "player_code": "willie_cauley-stein",
        "min": "0:00",
        "fgm": "0",
        "fga": "0",
        "fgp": "0.0",
        "ftm": "0",
        "fta": "0",
        "ftp": "0.0",
        "tpm": "0",
        "tpa": "0",
        "tpp": "0.0",
        "offReb": "0",
        "defReb": "0",
        "totReb": "0",
        "assists": "0",
        "pFouls": "0",
        "steals": "0",
        "turnovers": "0",
        "blocks": "0",
        "plusMinus": "0",
        "dnp": "",
        "sortKey": {
          "name": 11,
          "pos": 0,
          "points": 25,
          "min": 25,
          "fgm": 25,
          "fga": 25,
          "fgp": 25,
          "ftm": 25,
          "fta": 25,
          "ftp": 25,
          "tpm": 25,
          "tpa": 25,
          "tpp": 25,
          "offReb": 25,
          "defReb": 25,
          "totReb": 25,
          "assists": 25,
          "pFouls": 25,
          "steals": 25,
          "turnovers": 25,
          "blocks": 25,
          "plusMinus": 17
        }
      },
      {
        "personId": "201584",
        "firstName": "Courtney",
        "lastName": "Lee",
        "jersey": "1",
        "teamId": "1610612742",
        "isOnCourt": false,
        "points": "0",
        "pos": "",
        "position_full": "",
        "player_code": "courtney_lee",
        "min": "0:00",
        "fgm": "0",
        "fga": "0",
        "fgp": "0.0",
        "ftm": "0",
        "fta": "0",
        "ftp": "0.0",
        "tpm": "0",
        "tpa": "0",
        "tpp": "0.0",
        "offReb": "0",
        "defReb": "0",
        "totReb": "0",
        "assists": "0",
        "pFouls": "0",
        "steals": "0",
        "turnovers": "0",
        "blocks": "0",
        "plusMinus": "0",
        "dnp": "",
        "sortKey": {
          "name": 12,
          "pos": 0,
          "points": 21,
          "min": 22,
          "fgm": 21,
          "fga": 22,
          "fgp": 21,
          "ftm": 9,
          "fta": 9,
          "ftp": 9,
          "tpm": 17,
          "tpa": 19,
          "tpp": 17,
          "offReb": 9,
          "defReb": 20,
          "totReb": 20,
          "assists": 15,
          "pFouls": 17,
          "steals": 7,
          "turnovers": 11,
          "blocks": 9,
          "plusMinus": 11
        }
      },
      {
        "personId": "1626246",
        "firstName": "Boban",
        "lastName": "Marjanovic",
        "jersey": "51",
        "teamId": "1610612742",
        "isOnCourt": false,
        "points": "0",
        "pos": "",
        "position_full": "",
        "player_code": "boban_marjanovic",
        "min": "0:00",
        "fgm": "0",
        "fga": "0",
        "fgp": "0.0",
        "ftm": "0",
        "fta": "0",
        "ftp": "0.0",
        "tpm": "0",
        "tpa": "0",
        "tpp": "0.0",
        "offReb": "0",
        "defReb": "0",
        "totReb": "0",
        "assists": "0",
        "pFouls": "0",
        "steals": "0",
        "turnovers": "0",
        "blocks": "0",
        "plusMinus": "0",
        "dnp": "",
        "sortKey": {
          "name": 13,
          "pos": 0,
          "points": 20,
          "min": 21,
          "fgm": 20,
          "fga": 21,
          "fgp": 20,
          "ftm": 8,
          "fta": 8,
          "ftp": 8,
          "tpm": 16,
          "tpa": 18,
          "tpp": 16,
          "offReb": 8,
          "defReb": 19,
          "totReb": 19,
          "assists": 14,
          "pFouls": 16,
          "steals": 6,
          "turnovers": 10,
          "blocks": 8,
          "plusMinus": 10
        }
      },
      {
        "personId": "1628983",
        "firstName": "Shai",
        "lastName": "Gilgeous-Alexander",
        "jersey": "2",
        "teamId": "1610612760",
        "isOnCourt": false,
        "points": "16",
        "pos": "SF",
        "position_full": "Small Forward",
        "player_code": "shai_gilgeous-alexander",
        "min": "32:12",
        "fgm": "5",
        "fga": "20",
        "fgp": "25.0",
        "ftm": "3",
        "fta": "4",
        "ftp": "75.0",
        "tpm": "3",
        "tpa": "6",
        "tpp": "50.0",
        "offReb": "1",
        "defReb": "10",
        "totReb": "11",
        "assists": "4",
        "pFouls": "1",
        "steals": "0",
        "turnovers": "3",
        "blocks": "1",
        "plusMinus": "-6",
        "dnp": "",
        "sortKey": {
          "name": 41,
          "pos": 0,
          "points": 3,
          "min": 4,
          "fgm": 7,
          "fga": 2,
          "fgp": 18,
          "ftm": 5,
          "fta": 4,
          "ftp": 5,
          "tpm": 4,
          "tpa": 6,
          "tpp": 6,
          "offReb": 7,
          "defReb": 2,
          "totReb": 3,
          "assists": 6,
          "pFouls": 15,
          "steals": 22,
          "turnovers": 1,
          "blocks": 7,
          "plusMinus": 22
        }
      },
      {
        "personId": "201568",
        "firstName": "Danilo",
        "lastName": "Gallinari",
        "jersey": "8",
        "teamId": "1610612760",
        "isOnCourt": false,
        "points": "14",
        "pos": "PF",
        "position_full": "Power Forward",
        "player_code": "danilo_gallinari",
        "min": "31:37",
        "fgm": "4",
        "fga": "12",
        "fgp": "33.3",
        "ftm": "4",
        "fta": "4",
        "ftp": "100",
        "tpm": "2",
        "tpa": "5",
        "tpp": "40.0",
        "offReb": "0",
        "defReb": "5",
        "totReb": "5",
        "assists": "6",
        "pFouls": "0",
        "steals": "1",
        "turnovers": "0",
        "blocks": "0",
        "plusMinus": "2",
        "dnp": "",
        "sortKey": {
          "name": 42,
          "pos": 0,
          "points": 5,
          "min": 5,
          "fgm": 8,
          "fga": 5,
          "fgp": 13,
          "ftm": 2,
          "fta": 3,
          "ftp": 1,
          "tpm": 6,
          "tpa": 7,
          "tpp": 9,
          "offReb": 10,
          "defReb": 6,
          "totReb": 8,
          "assists": 1,
          "pFouls": 18,
          "steals": 1,
          "turnovers": 12,
          "blocks": 10,
          "plusMinus": 7
        }
      },
      {
        "personId": "203500",
        "firstName": "Steven",
        "lastName": "Adams",
        "jersey": "12",
        "teamId": "1610612760",
        "isOnCourt": false,
        "points": "9",
        "pos": "C",
        "position_full": "Center",
        "player_code": "steven_adams",
        "min": "23:50",
        "fgm": "4",
        "fga": "5",
        "fgp": "80.0",
        "ftm": "1",
        "fta": "2",
        "ftp": "50.0",
        "tpm": "0",
        "tpa": "0",
        "tpp": "0.0",
        "offReb": "0",
        "defReb": "5",
        "totReb": "5",
        "assists": "4",
        "pFouls": "2",
        "steals": "0",
        "turnovers": "0",
        "blocks": "0",
        "plusMinus": "-3",
        "dnp": "",
        "sortKey": {
          "name": 43,
          "pos": 0,
          "points": 12,
          "min": 11,
          "fgm": 11,
          "fga": 16,
          "fgp": 1,
          "ftm": 7,
          "fta": 7,
          "ftp": 7,
          "tpm": 24,
          "tpa": 24,
          "tpp": 24,
          "offReb": 23,
          "defReb": 8,
          "totReb": 10,
          "assists": 7,
          "pFouls": 9,
          "steals": 23,
          "turnovers": 23,
          "blocks": 23,
          "plusMinus": 19
        }
      },
      {
        "personId": "1629652",
        "firstName": "Luguentz",
        "lastName": "Dort",
        "jersey": "5",
        "teamId": "1610612760",
        "isOnCourt": true,
        "points": "5",
        "pos": "SG",
        "position_full": "Shooting Guard",
        "player_code": "luguentz_dort",
        "min": "25:37",
        "fgm": "2",
        "fga": "6",
        "fgp": "33.3",
        "ftm": "0",
        "fta": "0",
        "ftp": "0.0",
        "tpm": "1",
        "tpa": "3",
        "tpp": "33.3",
        "offReb": "0",
        "defReb": "1",
        "totReb": "1",
        "assists": "0",
        "pFouls": "3",
        "steals": "0",
        "turnovers": "0",
        "blocks": "0",
        "plusMinus": "2",
        "dnp": "",
        "sortKey": {
          "name": 44,
          "pos": 0,
          "points": 16,
          "min": 10,
          "fgm": 16,
          "fga": 14,
          "fgp": 16,
          "ftm": 20,
          "fta": 20,
          "ftp": 20,
          "tpm": 14,
          "tpa": 13,
          "tpp": 13,
          "offReb": 20,
          "defReb": 18,
          "totReb": 18,
          "assists": 21,
          "pFouls": 2,
          "steals": 17,
          "turnovers": 20,
          "blocks": 19,
          "plusMinus": 8
        }
      },
      {
        "personId": "203471",
        "firstName": "Dennis",
        "lastName": "Schroder",
        "jersey": "17",
        "teamId": "1610612760",
        "isOnCourt": false,
        "points": "21",
        "pos": "PG",
        "position_full": "Point Guard",
        "player_code": "dennis_schroder",
        "min": "40:33",
        "fgm": "6",
        "fga": "16",
        "fgp": "37.5",
        "ftm": "6",
        "fta": "6",
        "ftp": "100",
        "tpm": "3",
        "tpa": "8",
        "tpp": "37.5",
        "offReb": "0",
        "defReb": "7",
        "totReb": "7",
        "assists": "6",
        "pFouls": "2",
        "steals": "1",
        "turnovers": "2",
        "blocks": "1",
        "plusMinus": "0",
        "dnp": "",
        "sortKey": {
          "name": 45,
          "pos": 0,
          "points": 2,
          "min": 1,
          "fgm": 3,
          "fga": 3,
          "fgp": 11,
          "ftm": 1,
          "fta": 2,
          "ftp": 2,
          "tpm": 2,
          "tpa": 2,
          "tpp": 11,
          "offReb": 12,
          "defReb": 4,
          "totReb": 7,
          "assists": 2,
          "pFouls": 4,
          "steals": 3,
          "turnovers": 3,
          "blocks": 1,
          "plusMinus": 12
        }
      },
      {
        "personId": "203457",
        "firstName": "Nerlens",
        "lastName": "Noel",
        "jersey": "9",
        "teamId": "1610612760",
        "isOnCourt": false,
        "points": "9",
        "pos": "",
        "position_full": "",
        "player_code": "nerlens_noel",
        "min": "18:44",
        "fgm": "3",
        "fga": "4",
        "fgp": "75.0",
        "ftm": "3",
        "fta": "3",
        "ftp": "100",
        "tpm": "0",
        "tpa": "0",
        "tpp": "0.0",
        "offReb": "4",
        "defReb": "4",
        "totReb": "8",
        "assists": "1",
        "pFouls": "1",
        "steals": "0",
        "turnovers": "1",
        "blocks": "1",
        "plusMinus": "-6",
        "dnp": "",
        "sortKey": {
          "name": 46,
          "pos": 0,
          "points": 11,
          "min": 16,
          "fgm": 13,
          "fga": 17,
          "fgp": 2,
          "ftm": 4,
          "fta": 5,
          "ftp": 4,
          "tpm": 23,
          "tpa": 23,
          "tpp": 23,
          "offReb": 2,
          "defReb": 12,
          "totReb": 6,
          "assists": 13,
          "pFouls": 13,
          "steals": 20,
          "turnovers": 8,
          "blocks": 6,
          "plusMinus": 21
        }
      },
      {
        "personId": "1628977",
        "firstName": "Hamidou",
        "lastName": "Diallo",
        "jersey": "6",
        "teamId": "1610612760",
        "isOnCourt": true,
        "points": "6",
        "pos": "",
        "position_full": "",
        "player_code": "hamidou_diallo",
        "min": "18:27",
        "fgm": "3",
        "fga": "6",
        "fgp": "50.0",
        "ftm": "0",
        "fta": "0",
        "ftp": "0.0",
        "tpm": "0",
        "tpa": "0",
        "tpp": "0.0",
        "offReb": "1",
        "defReb": "4",
        "totReb": "5",
        "assists": "0",
        "pFouls": "2",
        "steals": "0",
        "turnovers": "1",
        "blocks": "0",
        "plusMinus": "-10",
        "dnp": "",
        "sortKey": {
          "name": 47,
          "pos": 0,
          "points": 14,
          "min": 17,
          "fgm": 12,
          "fga": 13,
          "fgp": 4,
          "ftm": 14,
          "fta": 14,
          "ftp": 14,
          "tpm": 19,
          "tpa": 20,
          "tpp": 19,
          "offReb": 5,
          "defReb": 10,
          "totReb": 9,
          "assists": 17,
          "pFouls": 6,
          "steals": 11,
          "turnovers": 7,
          "blocks": 14,
          "plusMinus": 24
        }
      },
      {
        "personId": "1629126",
        "firstName": "Deonte",
        "lastName": "Burton",
        "jersey": "30",
        "teamId": "1610612760",
        "isOnCourt": true,
        "points": "11",
        "pos": "",
        "position_full": "",
        "player_code": "deonte_burton",
        "min": "22:54",
        "fgm": "5",
        "fga": "11",
        "fgp": "45.5",
        "ftm": "0",
        "fta": "0",
        "ftp": "0.0",
        "tpm": "1",
        "tpa": "3",
        "tpp": "33.3",
        "offReb": "0",
        "defReb": "0",
        "totReb": "0",
        "assists": "1",
        "pFouls": "0",
        "steals": "0",
        "turnovers": "0",
        "blocks": "1",
        "plusMinus": "-19",
        "dnp": "",
        "sortKey": {
          "name": 48,
          "pos": 0,
          "points": 8,
          "min": 12,
          "fgm": 5,
          "fga": 7,
          "fgp": 8,
          "ftm": 12,
          "fta": 12,
          "ftp": 12,
          "tpm": 11,
          "tpa": 11,
          "tpp": 12,
          "offReb": 13,
          "defReb": 21,
          "totReb": 21,
          "assists": 12,
          "pFouls": 20,
          "steals": 9,
          "turnovers": 13,
          "blocks": 2,
          "plusMinus": 25
        }
      },
      {
        "personId": "1629647",
        "firstName": "Darius",
        "lastName": "Bazley",
        "jersey": "7",
        "teamId": "1610612760",
        "isOnCourt": true,
        "points": "3",
        "pos": "",
        "position_full": "",
        "player_code": "darius_bazley",
        "min": "20:37",
        "fgm": "1",
        "fga": "3",
        "fgp": "33.3",
        "ftm": "0",
        "fta": "0",
        "ftp": "0.0",
        "tpm": "1",
        "tpa": "2",
        "tpp": "50.0",
        "offReb": "0",
        "defReb": "4",
        "totReb": "4",
        "assists": "1",
        "pFouls": "0",
        "steals": "0",
        "turnovers": "1",
        "blocks": "0",
        "plusMinus": "-9",
        "dnp": "",
        "sortKey": {
          "name": 49,
          "pos": 0,
          "points": 17,
          "min": 15,
          "fgm": 17,
          "fga": 18,
          "fgp": 14,
          "ftm": 10,
          "fta": 10,
          "ftp": 10,
          "tpm": 10,
          "tpa": 14,
          "tpp": 1,
          "offReb": 11,
          "defReb": 9,
          "totReb": 11,
          "assists": 11,
          "pFouls": 19,
          "steals": 8,
          "turnovers": 6,
          "blocks": 11,
          "plusMinus": 23
        }
      },
      {
        "personId": "203488",
        "firstName": "Mike",
        "lastName": "Muscala",
        "jersey": "33",
        "teamId": "1610612760",
        "isOnCourt": false,
        "points": "3",
        "pos": "",
        "position_full": "",
        "player_code": "mike_muscala",
        "min": "4:47",
        "fgm": "1",
        "fga": "2",
        "fgp": "50.0",
        "ftm": "0",
        "fta": "0",
        "ftp": "0.0",
        "tpm": "1",
        "tpa": "2",
        "tpp": "50.0",
        "offReb": "0",
        "defReb": "2",
        "totReb": "2",
        "assists": "0",
        "pFouls": "0",
        "steals": "0",
        "turnovers": "0",
        "blocks": "0",
        "plusMinus": "-1",
        "dnp": "",
        "sortKey": {
          "name": 50,
          "pos": 0,
          "points": 18,
          "min": 19,
          "fgm": 19,
          "fga": 19,
          "fgp": 6,
          "ftm": 22,
          "fta": 22,
          "ftp": 22,
          "tpm": 15,
          "tpa": 16,
          "tpp": 5,
          "offReb": 21,
          "defReb": 16,
          "totReb": 16,
          "assists": 23,
          "pFouls": 24,
          "steals": 19,
          "turnovers": 22,
          "blocks": 21,
          "plusMinus": 18
        }
      },
      {
        "personId": "1628987",
        "firstName": "Kevin",
        "lastName": "Hervey",
        "jersey": "15",
        "teamId": "1610612760",
        "isOnCourt": true,
        "points": "0",
        "pos": "",
        "position_full": "",
        "player_code": "kevin_hervey",
        "min": "0:38",
        "fgm": "0",
        "fga": "1",
        "fgp": "0.0",
        "ftm": "0",
        "fta": "0",
        "ftp": "0.0",
        "tpm": "0",
        "tpa": "1",
        "tpp": "0.0",
        "offReb": "0",
        "defReb": "0",
        "totReb": "0",
        "assists": "0",
        "pFouls": "0",
        "steals": "0",
        "turnovers": "0",
        "blocks": "0",
        "plusMinus": "0",
        "dnp": "",
        "sortKey": {
          "name": 51,
          "pos": 0,
          "points": 24,
          "min": 20,
          "fgm": 24,
          "fga": 20,
          "fgp": 24,
          "ftm": 19,
          "fta": 19,
          "ftp": 19,
          "tpm": 22,
          "tpa": 17,
          "tpp": 22,
          "offReb": 18,
          "defReb": 24,
          "totReb": 24,
          "assists": 20,
          "pFouls": 23,
          "steals": 16,
          "turnovers": 18,
          "blocks": 18,
          "plusMinus": 15
        }
      },
      {
        "personId": "1629676",
        "firstName": "Isaiah",
        "lastName": "Roby",
        "jersey": "22",
        "teamId": "1610612760",
        "isOnCourt": false,
        "points": "0",
        "pos": "",
        "position_full": "",
        "player_code": "roby_isaiah",
        "min": "0:00",
        "fgm": "0",
        "fga": "0",
        "fgp": "0.0",
        "ftm": "0",
        "fta": "0",
        "ftp": "0.0",
        "tpm": "0",
        "tpa": "0",
        "tpp": "0.0",
        "offReb": "0",
        "defReb": "0",
        "totReb": "0",
        "assists": "0",
        "pFouls": "0",
        "steals": "0",
        "turnovers": "0",
        "blocks": "0",
        "plusMinus": "0",
        "dnp": "",
        "sortKey": {
          "name": 52,
          "pos": 0,
          "points": 22,
          "min": 23,
          "fgm": 22,
          "fga": 23,
          "fgp": 22,
          "ftm": 15,
          "fta": 15,
          "ftp": 15,
          "tpm": 20,
          "tpa": 21,
          "tpp": 20,
          "offReb": 14,
          "defReb": 22,
          "totReb": 22,
          "assists": 18,
          "pFouls": 21,
          "steals": 12,
          "turnovers": 15,
          "blocks": 15,
          "plusMinus": 13
        }
      }
    ]
  }
}
