{"sports_content":{"sports_meta":{"date_time":"2020-01-24 14:17:59.111 EST","end_to_end_time_millis":"5663","consolidatedDomKey":"prod__transform__cms_scoreboard__2375924546061","season_meta":{"calendar_date":"20200124","season_year":"2019","stats_season_year":"2019","stats_season_id":"22019","stats_season_stage":"2","roster_season_year":"2019","schedule_season_year":"2019","standings_season_year":"2019","season_id":"22019","display_year":"2019-20","display_season":"Regular Season","season_stage":"2","league_id":"00"},"next":{"url":"http://data.nba.net/5s/json/cms/noseason/scoreboard/20200122/games.json"}},"games":{"game":[{"id":"0021900654","game_url":"20200122/SACDET","season_id":"22019","date":"20200122","time":"1900","arena":"Little Caesars Arena","city":"Detroit","state":"MI","country":"USA","home_start_date":"20200122","home_start_time":"1900","visitor_start_date":"20200122","visitor_start_time":"1600","previewAvailable":"1","recapAvailable":"1","notebookAvailable":"0","tnt_ot":"0","buzzerBeater":"0","ticket":{"ticket_link":"https://a.data.nba.com/tickets/single/2019/0021900654/WEB_MWEB"},"period_time":{"period_value":"4","period_status":"Final","game_status":"3","game_clock":"","total_periods":"4","period_name":"Qtr"},"lp":{"lp_video":"true","condensed_bb":"true","visitor":{"audio":{"ENG":"false","SPA":"false"},"video":{"avl":"false","onAir":"false","archBB":"true"}},"home":{"audio":{"ENG":"false","SPA":"false"},"video":{"avl":"false","onAir":"false","archBB":"true"}}},"dl":{"link":[]},"broadcasters":{"radio":{"broadcaster":[{"scope":"local","home_visitor":"visitor","display_name":"KHTK Sports 1140 AM"},{"scope":"local","home_visitor":"home","display_name":"104.3 FM"}]},"tv":{"broadcaster":[{"scope":"local","home_visitor":"home","display_name":"Fox Sports Detroit"},{"scope":"local","home_visitor":"visitor","display_name":"NBC Sports California"}]}},"visitor":{"id":"1610612758","team_key":"SAC","city":"Sacramento","abbreviation":"SAC","nickname":"Kings","url_name":"kings","team_code":"kings","score":"106","linescores":{"period":[{"period_value":"1","period_name":"Q1","score":"27"},{"period_value":"2","period_name":"Q2","score":"23"},{"period_value":"3","period_name":"Q3","score":"25"},{"period_value":"4","period_name":"Q4","score":"31"}]}},"home":{"id":"1610612765","team_key":"DET","city":"Detroit","abbreviation":"DET","nickname":"Pistons","url_name":"pistons","team_code":"pistons","score":"127","linescores":{"period":[{"period_value":"1","period_name":"Q1","score":"26"},{"period_value":"2","period_name":"Q2","score":"31"},{"period_value":"3","period_name":"Q3","score":"36"},{"period_value":"4","period_name":"Q4","score":"34"}]}}},{"id":"0021900655","game_url":"20200122/OKCORL","season_id":"22019","date":"20200122","time":"1900","arena":"Amway Center","city":"Orlando","state":"FL","country":"USA","home_start_date":"20200122","home_start_time":"1900","visitor_start_date":"20200122","visitor_start_time":"1800","previewAvailable":"1","recapAvailable":"1","notebookAvailable":"0","tnt_ot":"0","buzzerBeater":"0","ticket":{"ticket_link":"https://a.data.nba.com/tickets/single/2019/0021900655/WEB_MWEB"},"period_time":{"period_value":"4","period_status":"Final","game_status":"3","game_clock":"","total_periods":"4","period_name":"Qtr"},"lp":{"lp_video":"true","condensed_bb":"true","visitor":{"audio":{"ENG":"false","SPA":"false"},"video":{"avl":"false","onAir":"false","archBB":"true"}},"home":{"audio":{"ENG":"false","SPA":"false"},"video":{"avl":"false","onAir":"false","archBB":"true"}}},"dl":{"link":[]},"broadcasters":{"radio":{"broadcaster":[{"scope":"local","home_visitor":"visitor","display_name":"WWLS 98.1FM OKC"},{"scope":"local","home_visitor":"home","display_name":"96.9 FM THE GAME / 98.1 SALSA Y MAS"}]},"tv":{"broadcaster":[{"scope":"local","home_visitor":"home","display_name":"Fox Sports Florida"},{"scope":"local","home_visitor":"visitor","display_name":"Fox Sports Oklahoma"}]}},"visitor":{"id":"1610612760","team_key":"OKC","city":"Oklahoma City","abbreviation":"OKC","nickname":"Thunder","url_name":"thunder","team_code":"thunder","score":"120","linescores":{"period":[{"period_value":"1","period_name":"Q1","score":"24"},{"period_value":"2","period_name":"Q2","score":"36"},{"period_value":"3","period_name":"Q3","score":"32"},{"period_value":"4","period_name":"Q4","score":"28"}]}},"home":{"id":"1610612753","team_key":"ORL","city":"Orlando","abbreviation":"ORL","nickname":"Magic","url_name":"magic","team_code":"magic","score":"114","linescores":{"period":[{"period_value":"1","period_name":"Q1","score":"21"},{"period_value":"2","period_name":"Q2","score":"30"},{"period_value":"3","period_name":"Q3","score":"38"},{"period_value":"4","period_name":"Q4","score":"25"}]}}},{"id":"0021900660","game_url":"20200122/PHITOR","season_id":"22019","date":"20200122","time":"1900","arena":"Scotiabank Arena","city":"Toronto","state":"ON","country":"Canada","home_start_date":"20200122","home_start_time":"1900","visitor_start_date":"20200122","visitor_start_time":"1900","previewAvailable":"1","recapAvailable":"1","notebookAvailable":"0","tnt_ot":"0","buzzerBeater":"0","ticket":{"ticket_link":"https://a.data.nba.com/tickets/single/2019/0021900660/WEB_MWEB"},"period_time":{"period_value":"4","period_status":"Final","game_status":"3","game_clock":"","total_periods":"4","period_name":"Qtr"},"lp":{"lp_video":"true","condensed_bb":"true","visitor":{"audio":{"ENG":"false","SPA":"false"},"video":{"avl":"false","onAir":"false","archBB":"true"}},"home":{"audio":{"ENG":"false","SPA":"false"},"video":{"avl":"false","onAir":"false","archBB":"false"}}},"dl":{"link":[]},"broadcasters":{"radio":{"broadcaster":[{"scope":"local","home_visitor":"visitor","display_name":"97.5 The Fanatic"},{"scope":"local","home_visitor":"home","display_name":"TSN Radio 1050 Toronto"}]},"tv":{"broadcaster":[{"scope":"natl","home_visitor":"natl","display_name":"ESPN"},{"scope":"local","home_visitor":"visitor","display_name":"NBC Sports Philadelphia"}]}},"visitor":{"id":"1610612755","team_key":"PHI","city":"Philadelphia","abbreviation":"PHI","nickname":"76ers","url_name":"sixers","team_code":"sixers","score":"95","linescores":{"period":[{"period_value":"1","period_name":"Q1","score":"35"},{"period_value":"2","period_name":"Q2","score":"15"},{"period_value":"3","period_name":"Q3","score":"22"},{"period_value":"4","period_name":"Q4","score":"23"}]}},"home":{"id":"1610612761","team_key":"TOR","city":"Toronto","abbreviation":"TOR","nickname":"Raptors","url_name":"raptors","team_code":"raptors","score":"107","linescores":{"period":[{"period_value":"1","period_name":"Q1","score":"26"},{"period_value":"2","period_name":"Q2","score":"24"},{"period_value":"3","period_name":"Q3","score":"26"},{"period_value":"4","period_name":"Q4","score":"31"}]}}},{"id":"0021900656","game_url":"20200122/LACATL","season_id":"22019","date":"20200122","time":"1930","arena":"State Farm Arena","city":"Atlanta","state":"GA","country":"USA","home_start_date":"20200122","home_start_time":"1930","visitor_start_date":"20200122","visitor_start_time":"1630","previewAvailable":"1","recapAvailable":"1","notebookAvailable":"0","tnt_ot":"0","buzzerBeater":"0","ticket":{"ticket_link":"https://a.data.nba.com/tickets/single/2019/0021900656/WEB_MWEB"},"period_time":{"period_value":"4","period_status":"Final","game_status":"3","game_clock":"","total_periods":"4","period_name":"Qtr"},"lp":{"lp_video":"true","condensed_bb":"true","visitor":{"audio":{"ENG":"false","SPA":"false"},"video":{"avl":"false","onAir":"false","archBB":"true"}},"home":{"audio":{"ENG":"false","SPA":"false"},"video":{"avl":"false","onAir":"false","archBB":"true"}}},"dl":{"link":[]},"broadcasters":{"radio":{"broadcaster":[{"scope":"local","home_visitor":"visitor","display_name":"AM 570 LA Sports"},{"scope":"local","home_visitor":"home","display_name":"WZGC 92.9 FM The Game"}]},"tv":{"broadcaster":[{"scope":"can","home_visitor":"can","display_name":"SN NOW"},{"scope":"local","home_visitor":"home","display_name":"Fox Sports Southeast - Atlanta"},{"scope":"local","home_visitor":"visitor","display_name":"Fox Sports Prime Ticket"}]}},"visitor":{"id":"1610612746","team_key":"LAC","city":"LA","abbreviation":"LAC","nickname":"Clippers","url_name":"clippers","team_code":"clippers","score":"95","linescores":{"period":[{"period_value":"1","period_name":"Q1","score":"32"},{"period_value":"2","period_name":"Q2","score":"28"},{"period_value":"3","period_name":"Q3","score":"15"},{"period_value":"4","period_name":"Q4","score":"20"}]}},"home":{"id":"1610612737","team_key":"ATL","city":"Atlanta","abbreviation":"ATL","nickname":"Hawks","url_name":"hawks","team_code":"hawks","score":"102","linescores":{"period":[{"period_value":"1","period_name":"Q1","score":"16"},{"period_value":"2","period_name":"Q2","score":"25"},{"period_value":"3","period_name":"Q3","score":"28"},{"period_value":"4","period_name":"Q4","score":"33"}]}}},{"id":"0021900657","game_url":"20200122/MEMBOS","season_id":"22019","date":"20200122","time":"1930","arena":"TD Garden","city":"Boston","state":"MA","country":"USA","home_start_date":"20200122","home_start_time":"1930","visitor_start_date":"20200122","visitor_start_time":"1830","previewAvailable":"1","recapAvailable":"1","notebookAvailable":"0","tnt_ot":"0","buzzerBeater":"0","ticket":{"ticket_link":"https://a.data.nba.com/tickets/single/2019/0021900657/WEB_MWEB"},"period_time":{"period_value":"4","period_status":"Final","game_status":"3","game_clock":"","total_periods":"4","period_name":"Qtr"},"lp":{"lp_video":"true","condensed_bb":"true","visitor":{"audio":{"ENG":"false","SPA":"false"},"video":{"avl":"false","onAir":"false","archBB":"true"}},"home":{"audio":{"ENG":"false","SPA":"false"},"video":{"avl":"false","onAir":"false","archBB":"true"}}},"dl":{"link":[]},"broadcasters":{"radio":{"broadcaster":[{"scope":"local","home_visitor":"visitor","display_name":"ESPN Radio 92.9FM / 680AM"},{"scope":"local","home_visitor":"home","display_name":"98.5 The Sports Hub"}]},"tv":{"broadcaster":[{"scope":"local","home_visitor":"home","display_name":"NBC Sports Boston"},{"scope":"local","home_visitor":"visitor","display_name":"Fox Sports Southeast - Memphis"}]}},"visitor":{"id":"1610612763","team_key":"MEM","city":"Memphis","abbreviation":"MEM","nickname":"Grizzlies","url_name":"grizzlies","team_code":"grizzlies","score":"95","linescores":{"period":[{"period_value":"1","period_name":"Q1","score":"27"},{"period_value":"2","period_name":"Q2","score":"17"},{"period_value":"3","period_name":"Q3","score":"19"},{"period_value":"4","period_name":"Q4","score":"32"}]}},"home":{"id":"1610612738","team_key":"BOS","city":"Boston","abbreviation":"BOS","nickname":"Celtics","url_name":"celtics","team_code":"celtics","score":"119","linescores":{"period":[{"period_value":"1","period_name":"Q1","score":"25"},{"period_value":"2","period_name":"Q2","score":"33"},{"period_value":"3","period_name":"Q3","score":"41"},{"period_value":"4","period_name":"Q4","score":"20"}]}}},{"id":"0021900658","game_url":"20200122/WASMIA","season_id":"22019","date":"20200122","time":"1930","arena":"AmericanAirlines Arena","city":"Miami","state":"FL","country":"USA","home_start_date":"20200122","home_start_time":"1930","visitor_start_date":"20200122","visitor_start_time":"1930","previewAvailable":"1","recapAvailable":"1","notebookAvailable":"0","tnt_ot":"0","buzzerBeater":"0","ticket":{"ticket_link":"https://a.data.nba.com/tickets/single/2019/0021900658/WEB_MWEB"},"period_time":{"period_value":"5","period_status":"Final","game_status":"3","game_clock":"","total_periods":"4","period_name":"Qtr"},"lp":{"lp_video":"true","condensed_bb":"true","visitor":{"audio":{"ENG":"false","SPA":"false"},"video":{"avl":"false","onAir":"false","archBB":"true"}},"home":{"audio":{"ENG":"false","SPA":"false"},"video":{"avl":"false","onAir":"false","archBB":"true"}}},"dl":{"link":[]},"broadcasters":{"radio":{"broadcaster":[{"scope":"local","home_visitor":"visitor","display_name":"1500 AM"},{"scope":"local","home_visitor":"home","display_name":"WAXY 790 AM / S: WAQI 710 AM"}]},"tv":{"broadcaster":[{"scope":"local","home_visitor":"home","display_name":"Fox Sports Sun"},{"scope":"local","home_visitor":"visitor","display_name":"NBC Sports Washington"}]}},"visitor":{"id":"1610612764","team_key":"WAS","city":"Washington","abbreviation":"WAS","nickname":"Wizards","url_name":"wizards","team_code":"wizards","score":"129","linescores":{"period":[{"period_value":"1","period_name":"Q1","score":"27"},{"period_value":"2","period_name":"Q2","score":"23"},{"period_value":"3","period_name":"Q3","score":"33"},{"period_value":"4","period_name":"Q4","score":"35"},{"period_value":"5","period_name":"OT1","score":"11"}]}},"home":{"id":"1610612748","team_key":"MIA","city":"Miami","abbreviation":"MIA","nickname":"Heat","url_name":"heat","team_code":"heat","score":"134","linescores":{"period":[{"period_value":"1","period_name":"Q1","score":"30"},{"period_value":"2","period_name":"Q2","score":"39"},{"period_value":"3","period_name":"Q3","score":"21"},{"period_value":"4","period_name":"Q4","score":"28"},{"period_value":"5","period_name":"OT1","score":"16"}]}}},{"id":"0021900659","game_url":"20200122/LALNYK","season_id":"22019","date":"20200122","time":"1930","arena":"Madison Square Garden","city":"New York","state":"NY","country":"USA","home_start_date":"20200122","home_start_time":"1930","visitor_start_date":"20200122","visitor_start_time":"1630","previewAvailable":"1","recapAvailable":"1","notebookAvailable":"0","tnt_ot":"0","buzzerBeater":"0","ticket":{"ticket_link":"https://a.data.nba.com/tickets/single/2019/0021900659/WEB_MWEB"},"period_time":{"period_value":"4","period_status":"Final","game_status":"3","game_clock":"","total_periods":"4","period_name":"Qtr"},"lp":{"lp_video":"true","condensed_bb":"true","visitor":{"audio":{"ENG":"false","SPA":"false"},"video":{"avl":"false","onAir":"false","archBB":"true"}},"home":{"audio":{"ENG":"false","SPA":"false"},"video":{"avl":"false","onAir":"false","archBB":"true"}}},"dl":{"link":[{"name":"MSG","long_nm":"MSG","code":"nykr","url":"http://www.msggo.com/","mobile_url":"","home_visitor":"home"}]},"broadcasters":{"radio":{"broadcaster":[{"scope":"local","home_visitor":"visitor","display_name":"710 AM ESPN / 1330 AM ESPN DEPORTES"},{"scope":"local","home_visitor":"home","display_name":"ESPN NY 98.7"}]},"tv":{"broadcaster":[{"scope":"can","home_visitor":"can","display_name":"SN1"},{"scope":"local","home_visitor":"home","display_name":"MSG"},{"scope":"local","home_visitor":"visitor","display_name":"Spectrum SportsNet"}]}},"visitor":{"id":"1610612747","team_key":"LAL","city":"Los Angeles","abbreviation":"LAL","nickname":"Lakers","url_name":"lakers","team_code":"lakers","score":"100","linescores":{"period":[{"period_value":"1","period_name":"Q1","score":"28"},{"period_value":"2","period_name":"Q2","score":"20"},{"period_value":"3","period_name":"Q3","score":"28"},{"period_value":"4","period_name":"Q4","score":"24"}]}},"home":{"id":"1610612752","team_key":"NYK","city":"New York","abbreviation":"NYK","nickname":"Knicks","url_name":"knicks","team_code":"knicks","score":"92","linescores":{"period":[{"period_value":"1","period_name":"Q1","score":"25"},{"period_value":"2","period_name":"Q2","score":"23"},{"period_value":"3","period_name":"Q3","score":"22"},{"period_value":"4","period_name":"Q4","score":"22"}]}}},{"id":"0021900661","game_url":"20200122/MINCHI","season_id":"22019","date":"20200122","time":"2000","arena":"United Center","city":"Chicago","state":"IL","country":"USA","home_start_date":"20200122","home_start_time":"1900","visitor_start_date":"20200122","visitor_start_time":"1900","previewAvailable":"1","recapAvailable":"1","notebookAvailable":"0","tnt_ot":"0","buzzerBeater":"0","ticket":{"ticket_link":"https://a.data.nba.com/tickets/single/2019/0021900661/WEB_MWEB"},"period_time":{"period_value":"4","period_status":"Final","game_status":"3","game_clock":"","total_periods":"4","period_name":"Qtr"},"lp":{"lp_video":"true","condensed_bb":"true","visitor":{"audio":{"ENG":"false","SPA":"false"},"video":{"avl":"false","onAir":"false","archBB":"true"}},"home":{"audio":{"ENG":"false","SPA":"false"},"video":{"avl":"false","onAir":"false","archBB":"true"}}},"dl":{"link":[]},"broadcasters":{"radio":{"broadcaster":[{"scope":"local","home_visitor":"visitor","display_name":"830 WCCO"},{"scope":"local","home_visitor":"home","display_name":"WSCR-AM 670 / UNIVISION CHICAGO 1200 AM"}]},"tv":{"broadcaster":[{"scope":"local","home_visitor":"home","display_name":"NBC Sports Chicago"},{"scope":"local","home_visitor":"visitor","display_name":"Fox Sports North"}]}},"visitor":{"id":"1610612750","team_key":"MIN","city":"Minnesota","abbreviation":"MIN","nickname":"Timberwolves","url_name":"timberwolves","team_code":"timberwolves","score":"110","linescores":{"period":[{"period_value":"1","period_name":"Q1","score":"26"},{"period_value":"2","period_name":"Q2","score":"26"},{"period_value":"3","period_name":"Q3","score":"27"},{"period_value":"4","period_name":"Q4","score":"31"}]}},"home":{"id":"1610612741","team_key":"CHI","city":"Chicago","abbreviation":"CHI","nickname":"Bulls","url_name":"bulls","team_code":"bulls","score":"117","linescores":{"period":[{"period_value":"1","period_name":"Q1","score":"35"},{"period_value":"2","period_name":"Q2","score":"24"},{"period_value":"3","period_name":"Q3","score":"22"},{"period_value":"4","period_name":"Q4","score":"36"}]}}},{"id":"0021900662","game_url":"20200122/DENHOU","season_id":"22019","date":"20200122","time":"2000","arena":"Toyota Center","city":"Houston","state":"TX","country":"USA","home_start_date":"20200122","home_start_time":"1900","visitor_start_date":"20200122","visitor_start_time":"1800","previewAvailable":"1","recapAvailable":"1","notebookAvailable":"0","tnt_ot":"0","buzzerBeater":"0","ticket":{"ticket_link":"https://a.data.nba.com/tickets/single/2019/0021900662/WEB_MWEB"},"period_time":{"period_value":"4","period_status":"Final","game_status":"3","game_clock":"","total_periods":"4","period_name":"Qtr"},"lp":{"lp_video":"true","condensed_bb":"true","visitor":{"audio":{"ENG":"false","SPA":"false"},"video":{"avl":"false","onAir":"false","archBB":"true"}},"home":{"audio":{"ENG":"false","SPA":"false"},"video":{"avl":"false","onAir":"false","archBB":"true"}}},"dl":{"link":[]},"broadcasters":{"radio":{"broadcaster":[{"scope":"local","home_visitor":"visitor","display_name":"KKSE 92.5FM"},{"scope":"local","home_visitor":"home","display_name":"790 KBME & 740 KTRH / 850 KEYH & 101.7 F"}]},"tv":{"broadcaster":[{"scope":"local","home_visitor":"home","display_name":"AT&T Sportsnet - Southwest"},{"scope":"local","home_visitor":"visitor","display_name":"Altitude"}]}},"visitor":{"id":"1610612743","team_key":"DEN","city":"Denver","abbreviation":"DEN","nickname":"Nuggets","url_name":"nuggets","team_code":"nuggets","score":"105","linescores":{"period":[{"period_value":"1","period_name":"Q1","score":"28"},{"period_value":"2","period_name":"Q2","score":"15"},{"period_value":"3","period_name":"Q3","score":"28"},{"period_value":"4","period_name":"Q4","score":"34"}]}},"home":{"id":"1610612745","team_key":"HOU","city":"Houston","abbreviation":"HOU","nickname":"Rockets","url_name":"rockets","team_code":"rockets","score":"121","linescores":{"period":[{"period_value":"1","period_name":"Q1","score":"35"},{"period_value":"2","period_name":"Q2","score":"25"},{"period_value":"3","period_name":"Q3","score":"32"},{"period_value":"4","period_name":"Q4","score":"29"}]}}},{"id":"0021900664","game_url":"20200122/INDPHX","season_id":"22019","date":"20200122","time":"2100","arena":"Talking Stick Resort Arena","city":"Phoenix","state":"AZ","country":"USA","home_start_date":"20200122","home_start_time":"1900","visitor_start_date":"20200122","visitor_start_time":"2100","previewAvailable":"1","recapAvailable":"1","notebookAvailable":"0","tnt_ot":"0","buzzerBeater":"0","ticket":{"ticket_link":"https://a.data.nba.com/tickets/single/2019/0021900664/WEB_MWEB"},"period_time":{"period_value":"4","period_status":"Final","game_status":"3","game_clock":"","total_periods":"4","period_name":"Qtr"},"lp":{"lp_video":"true","condensed_bb":"true","visitor":{"audio":{"ENG":"false","SPA":"false"},"video":{"avl":"false","onAir":"false","archBB":"true"}},"home":{"audio":{"ENG":"false","SPA":"false"},"video":{"avl":"false","onAir":"false","archBB":"true"}}},"dl":{"link":[]},"broadcasters":{"radio":{"broadcaster":[{"scope":"local","home_visitor":"visitor","display_name":"93.5/107.5 FM The Fan"},{"scope":"local","home_visitor":"home","display_name":"AZ Sports 98.7 FM"}]},"tv":{"broadcaster":[{"scope":"local","home_visitor":"home","display_name":"Fox Sports Arizona"},{"scope":"local","home_visitor":"visitor","display_name":"Fox Sports Indiana"}]}},"visitor":{"id":"1610612754","team_key":"IND","city":"Indiana","abbreviation":"IND","nickname":"Pacers","url_name":"pacers","team_code":"pacers","score":"112","linescores":{"period":[{"period_value":"1","period_name":"Q1","score":"30"},{"period_value":"2","period_name":"Q2","score":"24"},{"period_value":"3","period_name":"Q3","score":"29"},{"period_value":"4","period_name":"Q4","score":"29"}]}},"home":{"id":"1610612756","team_key":"PHX","city":"Phoenix","abbreviation":"PHX","nickname":"Suns","url_name":"suns","team_code":"suns","score":"87","linescores":{"period":[{"period_value":"1","period_name":"Q1","score":"24"},{"period_value":"2","period_name":"Q2","score":"24"},{"period_value":"3","period_name":"Q3","score":"17"},{"period_value":"4","period_name":"Q4","score":"22"}]}}},{"id":"0021900663","game_url":"20200122/SASNOP","season_id":"22019","date":"20200122","time":"2130","arena":"Smoothie King Center","city":"New Orleans","state":"LA","country":"USA","home_start_date":"20200122","home_start_time":"2030","visitor_start_date":"20200122","visitor_start_time":"2030","previewAvailable":"1","recapAvailable":"1","notebookAvailable":"0","tnt_ot":"0","buzzerBeater":"0","ticket":{"ticket_link":"https://a.data.nba.com/tickets/single/2019/0021900663/WEB_MWEB"},"period_time":{"period_value":"4","period_status":"Final","game_status":"3","game_clock":"","total_periods":"4","period_name":"Qtr"},"lp":{"lp_video":"true","condensed_bb":"true","visitor":{"audio":{"ENG":"false","SPA":"false"},"video":{"avl":"false","onAir":"false","archBB":"true"}},"home":{"audio":{"ENG":"false","SPA":"false"},"video":{"avl":"false","onAir":"false","archBB":"false"}}},"dl":{"link":[]},"broadcasters":{"radio":{"broadcaster":[{"scope":"local","home_visitor":"visitor","display_name":"WOAI 1200AM | S: KTXN 1350AM / 107.5FM H"},{"scope":"local","home_visitor":"home","display_name":"ESPN 100.3FM"}]},"tv":{"broadcaster":[{"scope":"natl","home_visitor":"natl","display_name":"ESPN"},{"scope":"can","home_visitor":"can","display_name":"SN NOW"},{"scope":"local","home_visitor":"home","display_name":"Fox Sports New Orleans"},{"scope":"local","home_visitor":"visitor","display_name":"Fox Sports Southwest - San Antonio"}]}},"visitor":{"id":"1610612759","team_key":"SAS","city":"San Antonio","abbreviation":"SAS","nickname":"Spurs","url_name":"spurs","team_code":"spurs","score":"121","linescores":{"period":[{"period_value":"1","period_name":"Q1","score":"31"},{"period_value":"2","period_name":"Q2","score":"29"},{"period_value":"3","period_name":"Q3","score":"34"},{"period_value":"4","period_name":"Q4","score":"27"}]}},"home":{"id":"1610612740","team_key":"NOP","city":"New Orleans","abbreviation":"NOP","nickname":"Pelicans","url_name":"pelicans","team_code":"pelicans","score":"117","linescores":{"period":[{"period_value":"1","period_name":"Q1","score":"24"},{"period_value":"2","period_name":"Q2","score":"27"},{"period_value":"3","period_name":"Q3","score":"31"},{"period_value":"4","period_name":"Q4","score":"35"}]}}},{"id":"0021900665","game_url":"20200122/UTAGSW","season_id":"22019","date":"20200122","time":"2200","arena":"Chase Center","city":"San Francisco","state":"CA","country":"USA","home_start_date":"20200122","home_start_time":"1900","visitor_start_date":"20200122","visitor_start_time":"2000","previewAvailable":"1","recapAvailable":"1","notebookAvailable":"0","tnt_ot":"0","buzzerBeater":"0","ticket":{"ticket_link":"https://a.data.nba.com/tickets/single/2019/0021900665/WEB_MWEB"},"period_time":{"period_value":"4","period_status":"Final","game_status":"3","game_clock":"","total_periods":"4","period_name":"Qtr"},"lp":{"lp_video":"true","condensed_bb":"true","visitor":{"audio":{"ENG":"false","SPA":"false"},"video":{"avl":"false","onAir":"false","archBB":"true"}},"home":{"audio":{"ENG":"false","SPA":"false"},"video":{"avl":"false","onAir":"false","archBB":"true"}}},"dl":{"link":[]},"broadcasters":{"radio":{"broadcaster":[{"scope":"local","home_visitor":"visitor","display_name":"97.5 FM | 1280 AM The Zone"},{"scope":"local","home_visitor":"home","display_name":"95.7 The Game"}]},"tv":{"broadcaster":[{"scope":"can","home_visitor":"can","display_name":"SN1"},{"scope":"local","home_visitor":"home","display_name":"NBC Sports Bay Area"},{"scope":"local","home_visitor":"visitor","display_name":"AT&T Sportsnet - Rocky Mountain"}]}},"visitor":{"id":"1610612762","team_key":"UTA","city":"Utah","abbreviation":"UTA","nickname":"Jazz","url_name":"jazz","team_code":"jazz","score":"129","linescores":{"period":[{"period_value":"1","period_name":"Q1","score":"31"},{"period_value":"2","period_name":"Q2","score":"34"},{"period_value":"3","period_name":"Q3","score":"35"},{"period_value":"4","period_name":"Q4","score":"29"}]}},"home":{"id":"1610612744","team_key":"GSW","city":"Golden State","abbreviation":"GSW","nickname":"Warriors","url_name":"warriors","team_code":"warriors","score":"96","linescores":{"period":[{"period_value":"1","period_name":"Q1","score":"17"},{"period_value":"2","period_name":"Q2","score":"26"},{"period_value":"3","period_name":"Q3","score":"26"},{"period_value":"4","period_name":"Q4","score":"27"}]}}}]}}}