{
    "sports_content": {
      "sports_meta": {
        "date_time": "2020-01-28 02:54:14.528 EST",
        "end_to_end_time_millis": "12195",
        "consolidatedDomKey": "prod__transform__cms_scoreboard__2970012041376",
        "season_meta": {
          "calendar_date": "20200127",
          "season_year": "2019",
          "stats_season_year": "2019",
          "stats_season_id": "22019",
          "stats_season_stage": "2",
          "roster_season_year": "2019",
          "schedule_season_year": "2019",
          "standings_season_year": "2019",
          "season_id": "22019",
          "display_year": "2019-20",
          "display_season": "Regular Season",
          "season_stage": "2",
          "league_id": "00"
        },
        "next": {
          "url": "http://data.nba.net/5s/json/cms/noseason/scoreboard/20200127/games.json"
        }
      },
      "games": {
        "game": [
          {
            "id": "0021900693",
            "game_url": "20200127/CLEDET",
            "season_id": "22019",
            "date": "20200127",
            "time": "1900",
            "arena": "Little Caesars Arena",
            "city": "Detroit",
            "state": "MI",
            "country": "USA",
            "home_start_date": "20200127",
            "home_start_time": "1900",
            "visitor_start_date": "20200127",
            "visitor_start_time": "1900",
            "previewAvailable": "1",
            "recapAvailable": "1",
            "notebookAvailable": "0",
            "tnt_ot": "0",
            "buzzerBeater": "0",
            "ticket": {
              "ticket_link": "https://a.data.nba.com/tickets/single/2019/0021900693/WEB_MWEB"
            },
            "period_time": {
              "period_value": "4",
              "period_status": "Final",
              "game_status": "3",
              "game_clock": "",
              "total_periods": "4",
              "period_name": "Qtr"
            },
            "lp": {
              "lp_video": "true",
              "condensed_bb": "true",
              "visitor": {
                "audio": { "ENG": "true", "SPA": "true" },
                "video": { "avl": "false", "onAir": "false", "archBB": "true" }
              },
              "home": {
                "audio": { "ENG": "true", "SPA": "false" },
                "video": { "avl": "false", "onAir": "false", "archBB": "true" }
              }
            },
            "dl": { "link": [] },
            "broadcasters": {
              "radio": {
                "broadcaster": [
                  {
                    "scope": "local",
                    "home_visitor": "visitor",
                    "display_name": "WTAM 1100 / 100.7 WMMS / 87.7 FM (ESP)"
                  },
                  {
                    "scope": "local",
                    "home_visitor": "home",
                    "display_name": "97.1 FM The Ticket"
                  }
                ]
              },
              "tv": {
                "broadcaster": [
                  {
                    "scope": "local",
                    "home_visitor": "home",
                    "display_name": "Fox Sports Detroit"
                  },
                  {
                    "scope": "local",
                    "home_visitor": "visitor",
                    "display_name": "Fox Sports Ohio"
                  }
                ]
              }
            },
            "visitor": {
              "id": "1610612739",
              "team_key": "CLE",
              "city": "Cleveland",
              "abbreviation": "CLE",
              "nickname": "Cavaliers",
              "url_name": "cavaliers",
              "team_code": "cavaliers",
              "score": "115",
              "linescores": {
                "period": [
                  { "period_value": "1", "period_name": "Q1", "score": "24" },
                  { "period_value": "2", "period_name": "Q2", "score": "29" },
                  { "period_value": "3", "period_name": "Q3", "score": "36" },
                  { "period_value": "4", "period_name": "Q4", "score": "26" }
                ]
              }
            },
            "home": {
              "id": "1610612765",
              "team_key": "DET",
              "city": "Detroit",
              "abbreviation": "DET",
              "nickname": "Pistons",
              "url_name": "pistons",
              "team_code": "pistons",
              "score": "100",
              "linescores": {
                "period": [
                  { "period_value": "1", "period_name": "Q1", "score": "23" },
                  { "period_value": "2", "period_name": "Q2", "score": "22" },
                  { "period_value": "3", "period_name": "Q3", "score": "27" },
                  { "period_value": "4", "period_name": "Q4", "score": "28" }
                ]
              }
            }
          },
          {
            "id": "0021900694",
            "game_url": "20200127/ORLMIA",
            "season_id": "22019",
            "date": "20200127",
            "time": "1930",
            "arena": "AmericanAirlines Arena",
            "city": "Miami",
            "state": "FL",
            "country": "USA",
            "home_start_date": "20200127",
            "home_start_time": "1930",
            "visitor_start_date": "20200127",
            "visitor_start_time": "1930",
            "previewAvailable": "1",
            "recapAvailable": "1",
            "notebookAvailable": "0",
            "tnt_ot": "0",
            "buzzerBeater": "0",
            "ticket": {
              "ticket_link": "https://a.data.nba.com/tickets/single/2019/0021900694/WEB_MWEB"
            },
            "period_time": {
              "period_value": "4",
              "period_status": "Final",
              "game_status": "3",
              "game_clock": "",
              "total_periods": "4",
              "period_name": "Qtr"
            },
            "lp": {
              "lp_video": "true",
              "condensed_bb": "true",
              "visitor": {
                "audio": { "ENG": "true", "SPA": "true" },
                "video": { "avl": "false", "onAir": "false", "archBB": "true" }
              },
              "home": {
                "audio": { "ENG": "true", "SPA": "true" },
                "video": { "avl": "false", "onAir": "false", "archBB": "true" }
              }
            },
            "dl": { "link": [] },
            "broadcasters": {
              "radio": {
                "broadcaster": [
                  {
                    "scope": "local",
                    "home_visitor": "visitor",
                    "display_name": "96.9 FM THE GAME / 98.1 SALSA Y MAS"
                  },
                  {
                    "scope": "local",
                    "home_visitor": "home",
                    "display_name": "WAXY 790 AM / S: WAQI 710 AM"
                  }
                ]
              },
              "tv": {
                "broadcaster": [
                  {
                    "scope": "can",
                    "home_visitor": "can",
                    "display_name": "NBA TV Canada"
                  },
                  {
                    "scope": "local",
                    "home_visitor": "home",
                    "display_name": "Fox Sports Sun"
                  },
                  {
                    "scope": "local",
                    "home_visitor": "visitor",
                    "display_name": "Fox Sports Florida"
                  }
                ]
              }
            },
            "visitor": {
              "id": "1610612753",
              "team_key": "ORL",
              "city": "Orlando",
              "abbreviation": "ORL",
              "nickname": "Magic",
              "url_name": "magic",
              "team_code": "magic",
              "score": "92",
              "linescores": {
                "period": [
                  { "period_value": "1", "period_name": "Q1", "score": "21" },
                  { "period_value": "2", "period_name": "Q2", "score": "27" },
                  { "period_value": "3", "period_name": "Q3", "score": "23" },
                  { "period_value": "4", "period_name": "Q4", "score": "21" }
                ]
              }
            },
            "home": {
              "id": "1610612748",
              "team_key": "MIA",
              "city": "Miami",
              "abbreviation": "MIA",
              "nickname": "Heat",
              "url_name": "heat",
              "team_code": "heat",
              "score": "113",
              "linescores": {
                "period": [
                  { "period_value": "1", "period_name": "Q1", "score": "31" },
                  { "period_value": "2", "period_name": "Q2", "score": "23" },
                  { "period_value": "3", "period_name": "Q3", "score": "31" },
                  { "period_value": "4", "period_name": "Q4", "score": "28" }
                ]
              }
            }
          },
          {
            "id": "0021900695",
            "game_url": "20200127/SASCHI",
            "season_id": "22019",
            "date": "20200127",
            "time": "2000",
            "arena": "United Center",
            "city": "Chicago",
            "state": "IL",
            "country": "USA",
            "home_start_date": "20200127",
            "home_start_time": "1900",
            "visitor_start_date": "20200127",
            "visitor_start_time": "1900",
            "previewAvailable": "1",
            "recapAvailable": "1",
            "notebookAvailable": "0",
            "tnt_ot": "0",
            "buzzerBeater": "0",
            "ticket": {
              "ticket_link": "https://a.data.nba.com/tickets/single/2019/0021900695/WEB_MWEB"
            },
            "period_time": {
              "period_value": "4",
              "period_status": "Final",
              "game_status": "3",
              "game_clock": "",
              "total_periods": "4",
              "period_name": "Qtr"
            },
            "lp": {
              "lp_video": "true",
              "condensed_bb": "true",
              "visitor": {
                "audio": { "ENG": "true", "SPA": "true" },
                "video": { "avl": "false", "onAir": "false", "archBB": "true" }
              },
              "home": {
                "audio": { "ENG": "true", "SPA": "true" },
                "video": { "avl": "false", "onAir": "false", "archBB": "true" }
              }
            },
            "dl": { "link": [] },
            "broadcasters": {
              "radio": {
                "broadcaster": [
                  {
                    "scope": "local",
                    "home_visitor": "visitor",
                    "display_name": "WOAI 1200AM | S: KTXN 1350AM / 107.5FM H"
                  },
                  {
                    "scope": "local",
                    "home_visitor": "home",
                    "display_name": "WSCR-AM 670 / UNIVISION CHICAGO 1200 AM"
                  }
                ]
              },
              "tv": {
                "broadcaster": [
                  {
                    "scope": "local",
                    "home_visitor": "home",
                    "display_name": "NBC Sports Chicago"
                  },
                  {
                    "scope": "local",
                    "home_visitor": "visitor",
                    "display_name": "Fox Sports Southwest - San Antonio"
                  }
                ]
              }
            },
            "visitor": {
              "id": "1610612759",
              "team_key": "SAS",
              "city": "San Antonio",
              "abbreviation": "SAS",
              "nickname": "Spurs",
              "url_name": "spurs",
              "team_code": "spurs",
              "score": "109",
              "linescores": {
                "period": [
                  { "period_value": "1", "period_name": "Q1", "score": "28" },
                  { "period_value": "2", "period_name": "Q2", "score": "20" },
                  { "period_value": "3", "period_name": "Q3", "score": "37" },
                  { "period_value": "4", "period_name": "Q4", "score": "24" }
                ]
              }
            },
            "home": {
              "id": "1610612741",
              "team_key": "CHI",
              "city": "Chicago",
              "abbreviation": "CHI",
              "nickname": "Bulls",
              "url_name": "bulls",
              "team_code": "bulls",
              "score": "110",
              "linescores": {
                "period": [
                  { "period_value": "1", "period_name": "Q1", "score": "21" },
                  { "period_value": "2", "period_name": "Q2", "score": "29" },
                  { "period_value": "3", "period_name": "Q3", "score": "25" },
                  { "period_value": "4", "period_name": "Q4", "score": "35" }
                ]
              }
            }
          },
          {
            "id": "0021900696",
            "game_url": "20200127/SACMIN",
            "season_id": "22019",
            "date": "20200127",
            "time": "2000",
            "arena": "Target Center",
            "city": "Minneapolis",
            "state": "MN",
            "country": "USA",
            "home_start_date": "20200127",
            "home_start_time": "1900",
            "visitor_start_date": "20200127",
            "visitor_start_time": "1700",
            "previewAvailable": "1",
            "recapAvailable": "1",
            "notebookAvailable": "0",
            "tnt_ot": "0",
            "buzzerBeater": "0",
            "ticket": {
              "ticket_link": "https://a.data.nba.com/tickets/single/2019/0021900696/WEB_MWEB"
            },
            "period_time": {
              "period_value": "5",
              "period_status": "Final",
              "game_status": "3",
              "game_clock": "",
              "total_periods": "4",
              "period_name": "Qtr"
            },
            "lp": {
              "lp_video": "true",
              "condensed_bb": "true",
              "visitor": {
                "audio": { "ENG": "true", "SPA": "false" },
                "video": { "avl": "false", "onAir": "false", "archBB": "true" }
              },
              "home": {
                "audio": { "ENG": "true", "SPA": "false" },
                "video": { "avl": "false", "onAir": "false", "archBB": "true" }
              }
            },
            "dl": { "link": [] },
            "broadcasters": {
              "radio": {
                "broadcaster": [
                  {
                    "scope": "local",
                    "home_visitor": "visitor",
                    "display_name": "KHTK Sports 1140 AM"
                  },
                  {
                    "scope": "local",
                    "home_visitor": "home",
                    "display_name": "830 WCCO"
                  }
                ]
              },
              "tv": {
                "broadcaster": [
                  {
                    "scope": "local",
                    "home_visitor": "home",
                    "display_name": "Fox Sports North"
                  },
                  {
                    "scope": "local",
                    "home_visitor": "visitor",
                    "display_name": "NBC Sports California"
                  }
                ]
              }
            },
            "visitor": {
              "id": "1610612758",
              "team_key": "SAC",
              "city": "Sacramento",
              "abbreviation": "SAC",
              "nickname": "Kings",
              "url_name": "kings",
              "team_code": "kings",
              "score": "133",
              "linescores": {
                "period": [
                  { "period_value": "1", "period_name": "Q1", "score": "24" },
                  { "period_value": "2", "period_name": "Q2", "score": "26" },
                  { "period_value": "3", "period_name": "Q3", "score": "28" },
                  { "period_value": "4", "period_name": "Q4", "score": "41" },
                  { "period_value": "5", "period_name": "OT1", "score": "14" }
                ]
              }
            },
            "home": {
              "id": "1610612750",
              "team_key": "MIN",
              "city": "Minnesota",
              "abbreviation": "MIN",
              "nickname": "Timberwolves",
              "url_name": "timberwolves",
              "team_code": "timberwolves",
              "score": "129",
              "linescores": {
                "period": [
                  { "period_value": "1", "period_name": "Q1", "score": "37" },
                  { "period_value": "2", "period_name": "Q2", "score": "31" },
                  { "period_value": "3", "period_name": "Q3", "score": "29" },
                  { "period_value": "4", "period_name": "Q4", "score": "22" },
                  { "period_value": "5", "period_name": "OT1", "score": "10" }
                ]
              }
            }
          },
          {
            "id": "0021900697",
            "game_url": "20200127/DALOKC",
            "season_id": "22019",
            "date": "20200127",
            "time": "2000",
            "arena": "Chesapeake Energy Arena",
            "city": "Oklahoma City",
            "state": "OK",
            "country": "USA",
            "home_start_date": "20200127",
            "home_start_time": "1900",
            "visitor_start_date": "20200127",
            "visitor_start_time": "1900",
            "previewAvailable": "1",
            "recapAvailable": "1",
            "notebookAvailable": "0",
            "tnt_ot": "0",
            "buzzerBeater": "0",
            "ticket": {
              "ticket_link": "https://a.data.nba.com/tickets/single/2019/0021900697/WEB_MWEB"
            },
            "period_time": {
              "period_value": "4",
              "period_status": "Final",
              "game_status": "3",
              "game_clock": "",
              "total_periods": "4",
              "period_name": "Qtr"
            },
            "lp": {
              "lp_video": "true",
              "condensed_bb": "true",
              "visitor": {
                "audio": { "ENG": "true", "SPA": "true" },
                "video": { "avl": "false", "onAir": "false", "archBB": "true" }
              },
              "home": {
                "audio": { "ENG": "true", "SPA": "true" },
                "video": { "avl": "false", "onAir": "false", "archBB": "true" }
              }
            },
            "dl": { "link": [] },
            "broadcasters": {
              "radio": {
                "broadcaster": [
                  {
                    "scope": "local",
                    "home_visitor": "visitor",
                    "display_name": "ESPN 103.3 FM / 1270 AM (ESP)"
                  },
                  {
                    "scope": "local",
                    "home_visitor": "home",
                    "display_name": "WWLS 98.1FM OKC / 930AM (ESP)"
                  }
                ]
              },
              "tv": {
                "broadcaster": [
                  {
                    "scope": "can",
                    "home_visitor": "can",
                    "display_name": "SN1"
                  },
                  {
                    "scope": "local",
                    "home_visitor": "home",
                    "display_name": "Fox Sports Oklahoma"
                  },
                  {
                    "scope": "local",
                    "home_visitor": "visitor",
                    "display_name": "Fox Sports Southwest - Dallas"
                  }
                ]
              }
            },
            "visitor": {
              "id": "1610612742",
              "team_key": "DAL",
              "city": "Dallas",
              "abbreviation": "DAL",
              "nickname": "Mavericks",
              "url_name": "mavericks",
              "team_code": "mavericks",
              "score": "107",
              "linescores": {
                "period": [
                  { "period_value": "1", "period_name": "Q1", "score": "25" },
                  { "period_value": "2", "period_name": "Q2", "score": "34" },
                  { "period_value": "3", "period_name": "Q3", "score": "29" },
                  { "period_value": "4", "period_name": "Q4", "score": "19" }
                ]
              }
            },
            "home": {
              "id": "1610612760",
              "team_key": "OKC",
              "city": "Oklahoma City",
              "abbreviation": "OKC",
              "nickname": "Thunder",
              "url_name": "thunder",
              "team_code": "thunder",
              "score": "97",
              "linescores": {
                "period": [
                  { "period_value": "1", "period_name": "Q1", "score": "22" },
                  { "period_value": "2", "period_name": "Q2", "score": "25" },
                  { "period_value": "3", "period_name": "Q3", "score": "30" },
                  { "period_value": "4", "period_name": "Q4", "score": "20" }
                ]
              }
            }
          },
          {
            "id": "0021900698",
            "game_url": "20200127/HOUUTA",
            "season_id": "22019",
            "date": "20200127",
            "time": "2100",
            "arena": "Vivint Smart Home Arena",
            "city": "Salt Lake City",
            "state": "UT",
            "country": "USA",
            "home_start_date": "20200127",
            "home_start_time": "1900",
            "visitor_start_date": "20200127",
            "visitor_start_time": "2000",
            "previewAvailable": "1",
            "recapAvailable": "1",
            "notebookAvailable": "0",
            "tnt_ot": "0",
            "buzzerBeater": "0",
            "ticket": {
              "ticket_link": "https://a.data.nba.com/tickets/single/2019/0021900698/WEB_MWEB"
            },
            "period_time": {
              "period_value": "4",
              "period_status": "Final",
              "game_status": "3",
              "game_clock": "",
              "total_periods": "4",
              "period_name": "Qtr"
            },
            "lp": {
              "lp_video": "true",
              "condensed_bb": "true",
              "visitor": {
                "audio": { "ENG": "true", "SPA": "true" },
                "video": { "avl": "false", "onAir": "false", "archBB": "true" }
              },
              "home": {
                "audio": { "ENG": "true", "SPA": "true" },
                "video": { "avl": "false", "onAir": "false", "archBB": "true" }
              }
            },
            "dl": { "link": [] },
            "broadcasters": {
              "radio": {
                "broadcaster": [
                  {
                    "scope": "local",
                    "home_visitor": "visitor",
                    "display_name": "790 KBME & 740 KTRH / 850 KEYH & 101.7 F"
                  },
                  {
                    "scope": "local",
                    "home_visitor": "home",
                    "display_name": "97.5 FM | 1280 AM The Zone"
                  }
                ]
              },
              "tv": {
                "broadcaster": [
                  {
                    "scope": "natl",
                    "home_visitor": "natl",
                    "display_name": "NBA TV"
                  },
                  {
                    "scope": "can",
                    "home_visitor": "can",
                    "display_name": "NBA TV Canada"
                  },
                  {
                    "scope": "local",
                    "home_visitor": "home",
                    "display_name": "AT&T Sportsnet - Rocky Mountain"
                  },
                  {
                    "scope": "local",
                    "home_visitor": "visitor",
                    "display_name": "AT&T Sportsnet - Southwest"
                  }
                ]
              }
            },
            "visitor": {
              "id": "1610612745",
              "team_key": "HOU",
              "city": "Houston",
              "abbreviation": "HOU",
              "nickname": "Rockets",
              "url_name": "rockets",
              "team_code": "rockets",
              "score": "126",
              "linescores": {
                "period": [
                  { "period_value": "1", "period_name": "Q1", "score": "28" },
                  { "period_value": "2", "period_name": "Q2", "score": "31" },
                  { "period_value": "3", "period_name": "Q3", "score": "28" },
                  { "period_value": "4", "period_name": "Q4", "score": "39" }
                ]
              }
            },
            "home": {
              "id": "1610612762",
              "team_key": "UTA",
              "city": "Utah",
              "abbreviation": "UTA",
              "nickname": "Jazz",
              "url_name": "jazz",
              "team_code": "jazz",
              "score": "117",
              "linescores": {
                "period": [
                  { "period_value": "1", "period_name": "Q1", "score": "20" },
                  { "period_value": "2", "period_name": "Q2", "score": "26" },
                  { "period_value": "3", "period_name": "Q3", "score": "29" },
                  { "period_value": "4", "period_name": "Q4", "score": "42" }
                ]
              }
            }
          }
        ]
      }
    }
  }
  