{
  "sports_content": {
    "sports_meta": {
      "date_time": "2020-01-24 11:53:33.992 EST",
      "end_to_end_time_millis": "6757",
      "consolidatedDomKey": "prod__transform__cms_scoreboard__4772849241934",
      "season_meta": {
        "calendar_date": "20200124",
        "season_year": "2019",
        "stats_season_year": "2019",
        "stats_season_id": "22019",
        "stats_season_stage": "2",
        "roster_season_year": "2019",
        "schedule_season_year": "2019",
        "standings_season_year": "2019",
        "season_id": "22019",
        "display_year": "2019-20",
        "display_season": "Regular Season",
        "season_stage": "2",
        "league_id": "00"
      },
      "next": {
        "url": "http://data.nba.net/5s/json/cms/noseason/scoreboard/20200123/games.json"
      }
    },
    "games": {
      "game": [
        {
          "id": "0021900666",
          "game_url": "20200123/WASCLE",
          "season_id": "22019",
          "date": "20200123",
          "time": "1900",
          "arena": "Rocket Mortgage FieldHouse",
          "city": "Cleveland",
          "state": "OH",
          "country": "USA",
          "home_start_date": "20200123",
          "home_start_time": "1900",
          "visitor_start_date": "20200123",
          "visitor_start_time": "1900",
          "previewAvailable": "1",
          "recapAvailable": "1",
          "notebookAvailable": "0",
          "tnt_ot": "0",
          "buzzerBeater": "0",
          "ticket": {
            "ticket_link": "https://a.data.nba.com/tickets/single/2019/0021900666/WEB_MWEB"
          },
          "period_time": {
            "period_value": "4",
            "period_status": "Final",
            "game_status": "3",
            "game_clock": "",
            "total_periods": "4",
            "period_name": "Qtr"
          },
          "lp": {
            "lp_video": "true",
            "condensed_bb": "true",
            "visitor": {
              "audio": { "ENG": "false", "SPA": "false" },
              "video": { "avl": "false", "onAir": "false", "archBB": "true" }
            },
            "home": {
              "audio": { "ENG": "false", "SPA": "false" },
              "video": { "avl": "false", "onAir": "false", "archBB": "true" }
            }
          },
          "dl": { "link": [] },
          "broadcasters": {
            "radio": {
              "broadcaster": [
                {
                  "scope": "local",
                  "home_visitor": "visitor",
                  "display_name": "1500 AM"
                },
                {
                  "scope": "local",
                  "home_visitor": "home",
                  "display_name": "WTAM 1100 / 100.7 WMMS / 87.7 FM (ESP)"
                }
              ]
            },
            "tv": {
              "broadcaster": [
                {
                  "scope": "can",
                  "home_visitor": "can",
                  "display_name": "NBA TV Canada"
                },
                {
                  "scope": "local",
                  "home_visitor": "home",
                  "display_name": "Fox Sports Ohio"
                },
                {
                  "scope": "local",
                  "home_visitor": "visitor",
                  "display_name": "NBC Sports Washington"
                }
              ]
            }
          },
          "visitor": {
            "id": "1610612764",
            "team_key": "WAS",
            "city": "Washington",
            "abbreviation": "WAS",
            "nickname": "Wizards",
            "url_name": "wizards",
            "team_code": "wizards",
            "score": "124",
            "linescores": {
              "period": [
                { "period_value": "1", "period_name": "Q1", "score": "29" },
                { "period_value": "2", "period_name": "Q2", "score": "39" },
                { "period_value": "3", "period_name": "Q3", "score": "32" },
                { "period_value": "4", "period_name": "Q4", "score": "24" }
              ]
            }
          },
          "home": {
            "id": "1610612739",
            "team_key": "CLE",
            "city": "Cleveland",
            "abbreviation": "CLE",
            "nickname": "Cavaliers",
            "url_name": "cavaliers",
            "team_code": "cavaliers",
            "score": "112",
            "linescores": {
              "period": [
                { "period_value": "1", "period_name": "Q1", "score": "24" },
                { "period_value": "2", "period_name": "Q2", "score": "37" },
                { "period_value": "3", "period_name": "Q3", "score": "25" },
                { "period_value": "4", "period_name": "Q4", "score": "26" }
              ]
            }
          }
        },
        {
          "id": "0021900667",
          "game_url": "20200123/LALBKN",
          "season_id": "22019",
          "date": "20200123",
          "time": "2000",
          "arena": "Barclays Center",
          "city": "Brooklyn",
          "state": "NY",
          "country": "USA",
          "home_start_date": "20200123",
          "home_start_time": "2000",
          "visitor_start_date": "20200123",
          "visitor_start_time": "1700",
          "previewAvailable": "1",
          "recapAvailable": "1",
          "notebookAvailable": "0",
          "tnt_ot": "1",
          "buzzerBeater": "0",
          "ticket": {
            "ticket_link": "https://a.data.nba.com/tickets/single/2019/0021900667/WEB_MWEB"
          },
          "period_time": {
            "period_value": "4",
            "period_status": "Final",
            "game_status": "3",
            "game_clock": "",
            "total_periods": "4",
            "period_name": "Qtr"
          },
          "lp": {
            "lp_video": "true",
            "condensed_bb": "true",
            "visitor": {
              "audio": { "ENG": "false", "SPA": "false" },
              "video": { "avl": "false", "onAir": "false", "archBB": "false" }
            },
            "home": {
              "audio": { "ENG": "false", "SPA": "false" },
              "video": { "avl": "false", "onAir": "false", "archBB": "true" }
            }
          },
          "dl": {
            "link": [
              {
                "name": "TNT",
                "long_nm": "",
                "code": "tnt",
                "url": "http://www.tntdrama.com/watchtnt/",
                "mobile_url": "",
                "home_visitor": "natl"
              },
              {
                "name": "TNTOT",
                "long_nm": "",
                "code": "tntot",
                "url": "http://www.nba.com/tntovertime/",
                "mobile_url": "",
                "home_visitor": "natl"
              }
            ]
          },
          "broadcasters": {
            "radio": {
              "broadcaster": [
                {
                  "scope": "local",
                  "home_visitor": "visitor",
                  "display_name": "710 AM ESPN / 1330 AM ESPN DEPORTES"
                },
                {
                  "scope": "local",
                  "home_visitor": "home",
                  "display_name": "WFAN"
                }
              ]
            },
            "tv": {
              "broadcaster": [
                {
                  "scope": "natl",
                  "home_visitor": "natl",
                  "display_name": "TNT"
                },
                {
                  "scope": "local",
                  "home_visitor": "visitor",
                  "display_name": "Spectrum SportsNet"
                }
              ]
            }
          },
          "visitor": {
            "id": "1610612747",
            "team_key": "LAL",
            "city": "Los Angeles",
            "abbreviation": "LAL",
            "nickname": "Lakers",
            "url_name": "lakers",
            "team_code": "lakers",
            "score": "128",
            "linescores": {
              "period": [
                { "period_value": "1", "period_name": "Q1", "score": "38" },
                { "period_value": "2", "period_name": "Q2", "score": "37" },
                { "period_value": "3", "period_name": "Q3", "score": "29" },
                { "period_value": "4", "period_name": "Q4", "score": "24" }
              ]
            }
          },
          "home": {
            "id": "1610612751",
            "team_key": "BKN",
            "city": "Brooklyn",
            "abbreviation": "BKN",
            "nickname": "Nets",
            "url_name": "nets",
            "team_code": "nets",
            "score": "113",
            "linescores": {
              "period": [
                { "period_value": "1", "period_name": "Q1", "score": "35" },
                { "period_value": "2", "period_name": "Q2", "score": "35" },
                { "period_value": "3", "period_name": "Q3", "score": "24" },
                { "period_value": "4", "period_name": "Q4", "score": "19" }
              ]
            }
          }
        },
        {
          "id": "0021900668",
          "game_url": "20200123/DALPOR",
          "season_id": "22019",
          "date": "20200123",
          "time": "2230",
          "arena": "Moda Center",
          "city": "Portland",
          "state": "OR",
          "country": "USA",
          "home_start_date": "20200123",
          "home_start_time": "1930",
          "visitor_start_date": "20200123",
          "visitor_start_time": "2130",
          "previewAvailable": "1",
          "recapAvailable": "1",
          "notebookAvailable": "0",
          "tnt_ot": "1",
          "buzzerBeater": "0",
          "ticket": {
            "ticket_link": "https://a.data.nba.com/tickets/single/2019/0021900668/WEB_MWEB"
          },
          "period_time": {
            "period_value": "4",
            "period_status": "Final",
            "game_status": "3",
            "game_clock": "",
            "total_periods": "4",
            "period_name": "Qtr"
          },
          "lp": {
            "lp_video": "true",
            "condensed_bb": "true",
            "visitor": {
              "audio": { "ENG": "true", "SPA": "true" },
              "video": { "avl": "false", "onAir": "false", "archBB": "true" }
            },
            "home": {
              "audio": { "ENG": "true", "SPA": "false" },
              "video": { "avl": "false", "onAir": "false", "archBB": "false" }
            }
          },
          "dl": {
            "link": [
              {
                "name": "TNT",
                "long_nm": "",
                "code": "tnt",
                "url": "http://www.tntdrama.com/watchtnt/",
                "mobile_url": "",
                "home_visitor": "natl"
              },
              {
                "name": "TNTOT",
                "long_nm": "",
                "code": "tntot",
                "url": "http://www.nba.com/tntovertime/",
                "mobile_url": "",
                "home_visitor": "natl"
              }
            ]
          },
          "broadcasters": {
            "radio": {
              "broadcaster": [
                {
                  "scope": "local",
                  "home_visitor": "visitor",
                  "display_name": "ESPN 103.3 FM / 1270 AM (ESP)"
                },
                {
                  "scope": "local",
                  "home_visitor": "home",
                  "display_name": "Rip City Radio 620"
                }
              ]
            },
            "tv": {
              "broadcaster": [
                {
                  "scope": "natl",
                  "home_visitor": "natl",
                  "display_name": "TNT"
                }
              ]
            }
          },
          "visitor": {
            "id": "1610612742",
            "team_key": "DAL",
            "city": "Dallas",
            "abbreviation": "DAL",
            "nickname": "Mavericks",
            "url_name": "mavericks",
            "team_code": "mavericks",
            "score": "133",
            "linescores": {
              "period": [
                { "period_value": "1", "period_name": "Q1", "score": "45" },
                { "period_value": "2", "period_name": "Q2", "score": "33" },
                { "period_value": "3", "period_name": "Q3", "score": "25" },
                { "period_value": "4", "period_name": "Q4", "score": "30" }
              ]
            }
          },
          "home": {
            "id": "1610612757",
            "team_key": "POR",
            "city": "Portland",
            "abbreviation": "POR",
            "nickname": "Trail Blazers",
            "url_name": "blazers",
            "team_code": "blazers",
            "score": "125",
            "linescores": {
              "period": [
                { "period_value": "1", "period_name": "Q1", "score": "37" },
                { "period_value": "2", "period_name": "Q2", "score": "26" },
                { "period_value": "3", "period_name": "Q3", "score": "27" },
                { "period_value": "4", "period_name": "Q4", "score": "35" }
              ]
            }
          }
        }
      ]
    }
  }
}
