{"sports_content":{"sports_meta":{"date_time":"2020-01-26 20:47:59.611 EST","end_to_end_time_millis":"568","consolidatedDomKey":"prod__transform__cms_scoreboard__8418156690717","season_meta":{"calendar_date":"20200126","season_year":"2019","stats_season_year":"2019","stats_season_id":"22019","stats_season_stage":"2","roster_season_year":"2019","schedule_season_year":"2019","standings_season_year":"2019","season_id":"22019","display_year":"2019-20","display_season":"Regular Season","season_stage":"2","league_id":"00"},"next":{"url":"http://data.nba.net/5s/json/cms/noseason/scoreboard/20200128/games.json"}},"games":{"game":[{"id":"0021900699","game_url":"20200128/NYKCHA","season_id":"22019","date":"20200128","time":"1900","arena":"Spectrum Center","city":"Charlotte","state":"NC","country":"USA","home_start_date":"20200128","home_start_time":"1900","visitor_start_date":"20200128","visitor_start_time":"1900","previewAvailable":"0","recapAvailable":"0","notebookAvailable":"0","tnt_ot":"0","buzzerBeater":"0","ticket":{"ticket_link":"https://a.data.nba.com/tickets/single/2019/0021900699/WEB_MWEB"},"period_time":{"period_value":"","period_status":"7:00 pm ET","game_status":"1","game_clock":"","total_periods":"4","period_name":"Qtr"},"lp":{"lp_video":"true","condensed_bb":"false","visitor":{"audio":{"ENG":"false","SPA":"false"},"video":{"avl":"false","onAir":"false","archBB":"false"}},"home":{"audio":{"ENG":"false","SPA":"false"},"video":{"avl":"false","onAir":"false","archBB":"false"}}},"dl":{"link":[{"name":"MSG","long_nm":"MSG","code":"nykr","url":"http://www.msggo.com/","mobile_url":"","home_visitor":"visitor"}]},"broadcasters":{"radio":{"broadcaster":[{"scope":"local","home_visitor":"visitor","display_name":"ESPN NY 98.7"},{"scope":"local","home_visitor":"home","display_name":"WFNZ 610 AM/102.5 FM"}]},"tv":{"broadcaster":[{"scope":"local","home_visitor":"home","display_name":"Fox Sports Southeast - Charlotte"},{"scope":"local","home_visitor":"visitor","display_name":"MSG"}]}},"visitor":{"id":"1610612752","team_key":"NYK","city":"New York","abbreviation":"NYK","nickname":"Knicks","url_name":"knicks","team_code":"knicks","score":""},"home":{"id":"1610612766","team_key":"CHA","city":"Charlotte","abbreviation":"CHA","nickname":"Hornets","url_name":"hornets","team_code":"hornets","score":""}},{"id":"0021900702","game_url":"20200128/GSWPHI","season_id":"22019","date":"20200128","time":"1900","arena":"Wells Fargo Center","city":"Philadelphia","state":"PA","country":"USA","home_start_date":"20200128","home_start_time":"1900","visitor_start_date":"20200128","visitor_start_time":"1600","previewAvailable":"0","recapAvailable":"0","notebookAvailable":"0","tnt_ot":"1","buzzerBeater":"0","ticket":{"ticket_link":"https://a.data.nba.com/tickets/single/2019/0021900702/WEB_MWEB"},"period_time":{"period_value":"","period_status":"7:00 pm ET","game_status":"1","game_clock":"","total_periods":"4","period_name":"Qtr"},"lp":{"lp_video":"true","condensed_bb":"false","visitor":{"audio":{"ENG":"false","SPA":"false"},"video":{"avl":"false","onAir":"false","archBB":"false"}},"home":{"audio":{"ENG":"false","SPA":"false"},"video":{"avl":"false","onAir":"false","archBB":"false"}}},"dl":{"link":[]},"broadcasters":{"radio":{"broadcaster":[{"scope":"local","home_visitor":"visitor","display_name":"95.7 The Game"},{"scope":"local","home_visitor":"home","display_name":"97.5 The Fanatic"}]},"tv":{"broadcaster":[{"scope":"local","home_visitor":"home","display_name":"NBC Sports Philadelphia"},{"scope":"local","home_visitor":"visitor","display_name":"NBC Sports Bay Area"}]}},"visitor":{"id":"1610612744","team_key":"GSW","city":"Golden State","abbreviation":"GSW","nickname":"Warriors","url_name":"warriors","team_code":"warriors","score":""},"home":{"id":"1610612755","team_key":"PHI","city":"Philadelphia","abbreviation":"PHI","nickname":"76ers","url_name":"sixers","team_code":"sixers","score":""}},{"id":"0021900700","game_url":"20200128/NOPCLE","season_id":"22019","date":"20200128","time":"1930","arena":"Rocket Mortgage FieldHouse","city":"Cleveland","state":"OH","country":"USA","home_start_date":"20200128","home_start_time":"1930","visitor_start_date":"20200128","visitor_start_time":"1830","previewAvailable":"0","recapAvailable":"0","notebookAvailable":"0","tnt_ot":"0","buzzerBeater":"0","ticket":{"ticket_link":"https://a.data.nba.com/tickets/single/2019/0021900700/WEB_MWEB"},"period_time":{"period_value":"","period_status":"7:30 pm ET","game_status":"1","game_clock":"","total_periods":"4","period_name":"Qtr"},"lp":{"lp_video":"true","condensed_bb":"false","visitor":{"audio":{"ENG":"false","SPA":"false"},"video":{"avl":"false","onAir":"false","archBB":"false"}},"home":{"audio":{"ENG":"false","SPA":"false"},"video":{"avl":"false","onAir":"false","archBB":"false"}}},"dl":{"link":[]},"broadcasters":{"radio":{"broadcaster":[{"scope":"local","home_visitor":"visitor","display_name":"ESPN 100.3FM"},{"scope":"local","home_visitor":"home","display_name":"WTAM 1100 / 100.7 WMMS / 87.7 FM (ESP)"}]},"tv":{"broadcaster":[{"scope":"can","home_visitor":"can","display_name":"SN NOW"},{"scope":"local","home_visitor":"home","display_name":"Fox Sports Ohio"},{"scope":"local","home_visitor":"visitor","display_name":"Fox Sports New Orleans"}]}},"visitor":{"id":"1610612740","team_key":"NOP","city":"New Orleans","abbreviation":"NOP","nickname":"Pelicans","url_name":"pelicans","team_code":"pelicans","score":""},"home":{"id":"1610612739","team_key":"CLE","city":"Cleveland","abbreviation":"CLE","nickname":"Cavaliers","url_name":"cavaliers","team_code":"cavaliers","score":""}},{"id":"0021900701","game_url":"20200128/BOSMIA","season_id":"22019","date":"20200128","time":"1930","arena":"AmericanAirlines Arena","city":"Miami","state":"FL","country":"USA","home_start_date":"20200128","home_start_time":"1930","visitor_start_date":"20200128","visitor_start_time":"1930","previewAvailable":"0","recapAvailable":"0","notebookAvailable":"0","tnt_ot":"1","buzzerBeater":"0","ticket":{"ticket_link":"https://a.data.nba.com/tickets/single/2019/0021900701/WEB_MWEB"},"period_time":{"period_value":"","period_status":"7:30 pm ET","game_status":"1","game_clock":"","total_periods":"4","period_name":"Qtr"},"lp":{"lp_video":"true","condensed_bb":"false","visitor":{"audio":{"ENG":"false","SPA":"false"},"video":{"avl":"false","onAir":"false","archBB":"false"}},"home":{"audio":{"ENG":"false","SPA":"false"},"video":{"avl":"false","onAir":"false","archBB":"false"}}},"dl":{"link":[{"name":"TNT","long_nm":"","code":"tnt","url":"http://www.tntdrama.com/watchtnt/","mobile_url":"","home_visitor":"natl"},{"name":"TNTOT","long_nm":"","code":"tntot","url":"http://www.nba.com/tntovertime/","mobile_url":"","home_visitor":"natl"}]},"broadcasters":{"radio":{"broadcaster":[{"scope":"local","home_visitor":"visitor","display_name":"98.5 The Sports Hub"},{"scope":"local","home_visitor":"home","display_name":"WAXY 790 AM / S: WAQI 710 AM"}]},"tv":{"broadcaster":[{"scope":"natl","home_visitor":"natl","display_name":"TNT"},{"scope":"can","home_visitor":"can","display_name":"SN1"}]}},"visitor":{"id":"1610612738","team_key":"BOS","city":"Boston","abbreviation":"BOS","nickname":"Celtics","url_name":"celtics","team_code":"celtics","score":""},"home":{"id":"1610612748","team_key":"MIA","city":"Miami","abbreviation":"MIA","nickname":"Heat","url_name":"heat","team_code":"heat","score":""}},{"id":"0021900703","game_url":"20200128/ATLTOR","season_id":"22019","date":"20200128","time":"1930","arena":"Scotiabank Arena","city":"Toronto","state":"ON","country":"Canada","home_start_date":"20200128","home_start_time":"1930","visitor_start_date":"20200128","visitor_start_time":"1930","previewAvailable":"0","recapAvailable":"0","notebookAvailable":"0","tnt_ot":"0","buzzerBeater":"0","ticket":{"ticket_link":"https://a.data.nba.com/tickets/single/2019/0021900703/WEB_MWEB"},"period_time":{"period_value":"","period_status":"7:30 pm ET","game_status":"1","game_clock":"","total_periods":"4","period_name":"Qtr"},"lp":{"lp_video":"true","condensed_bb":"false","visitor":{"audio":{"ENG":"false","SPA":"false"},"video":{"avl":"false","onAir":"false","archBB":"false"}},"home":{"audio":{"ENG":"false","SPA":"false"},"video":{"avl":"false","onAir":"false","archBB":"false"}}},"dl":{"link":[]},"broadcasters":{"radio":{"broadcaster":[{"scope":"local","home_visitor":"visitor","display_name":"WZGC 92.9 FM The Game"},{"scope":"local","home_visitor":"home","display_name":"Sportsnet 590 The FAN"}]},"tv":{"broadcaster":[{"scope":"local","home_visitor":"visitor","display_name":"Fox Sports Southeast - Atlanta"}]}},"visitor":{"id":"1610612737","team_key":"ATL","city":"Atlanta","abbreviation":"ATL","nickname":"Hawks","url_name":"hawks","team_code":"hawks","score":""},"home":{"id":"1610612761","team_key":"TOR","city":"Toronto","abbreviation":"TOR","nickname":"Raptors","url_name":"raptors","team_code":"raptors","score":""}},{"id":"0021900704","game_url":"20200128/DENMEM","season_id":"22019","date":"20200128","time":"2000","arena":"FedExForum","city":"Memphis","state":"TN","country":"USA","home_start_date":"20200128","home_start_time":"1900","visitor_start_date":"20200128","visitor_start_time":"1800","previewAvailable":"0","recapAvailable":"0","notebookAvailable":"0","tnt_ot":"0","buzzerBeater":"0","ticket":{"ticket_link":"https://a.data.nba.com/tickets/single/2019/0021900704/WEB_MWEB"},"period_time":{"period_value":"","period_status":"8:00 pm ET","game_status":"1","game_clock":"","total_periods":"4","period_name":"Qtr"},"lp":{"lp_video":"true","condensed_bb":"false","visitor":{"audio":{"ENG":"false","SPA":"false"},"video":{"avl":"false","onAir":"false","archBB":"false"}},"home":{"audio":{"ENG":"false","SPA":"false"},"video":{"avl":"false","onAir":"false","archBB":"false"}}},"dl":{"link":[]},"broadcasters":{"radio":{"broadcaster":[{"scope":"local","home_visitor":"visitor","display_name":"KKSE 92.5FM/950AM"},{"scope":"local","home_visitor":"home","display_name":"ESPN Radio 92.9FM / 680AM"}]},"tv":{"broadcaster":[{"scope":"local","home_visitor":"home","display_name":"Fox Sports Southeast - Memphis"},{"scope":"local","home_visitor":"visitor","display_name":"Altitude"}]}},"visitor":{"id":"1610612743","team_key":"DEN","city":"Denver","abbreviation":"DEN","nickname":"Nuggets","url_name":"nuggets","team_code":"nuggets","score":""},"home":{"id":"1610612763","team_key":"MEM","city":"Memphis","abbreviation":"MEM","nickname":"Grizzlies","url_name":"grizzlies","team_code":"grizzlies","score":""}},{"id":"0021900705","game_url":"20200128/WASMIL","season_id":"22019","date":"20200128","time":"2000","arena":"Fiserv Forum","city":"Milwaukee","state":"WI","country":"USA","home_start_date":"20200128","home_start_time":"1900","visitor_start_date":"20200128","visitor_start_time":"2000","previewAvailable":"0","recapAvailable":"0","notebookAvailable":"0","tnt_ot":"0","buzzerBeater":"0","ticket":{"ticket_link":"https://a.data.nba.com/tickets/single/2019/0021900705/WEB_MWEB"},"period_time":{"period_value":"","period_status":"8:00 pm ET","game_status":"1","game_clock":"","total_periods":"4","period_name":"Qtr"},"lp":{"lp_video":"true","condensed_bb":"false","visitor":{"audio":{"ENG":"false","SPA":"false"},"video":{"avl":"false","onAir":"false","archBB":"false"}},"home":{"audio":{"ENG":"false","SPA":"false"},"video":{"avl":"false","onAir":"false","archBB":"false"}}},"dl":{"link":[]},"broadcasters":{"radio":{"broadcaster":[{"scope":"local","home_visitor":"visitor","display_name":"1500 AM"},{"scope":"local","home_visitor":"home","display_name":"620 AM/103.3 FM WTMJ"}]},"tv":{"broadcaster":[{"scope":"local","home_visitor":"home","display_name":"Fox Sports Wisconsin"},{"scope":"local","home_visitor":"visitor","display_name":"NBC Sports Washington"}]}},"visitor":{"id":"1610612764","team_key":"WAS","city":"Washington","abbreviation":"WAS","nickname":"Wizards","url_name":"wizards","team_code":"wizards","score":""},"home":{"id":"1610612749","team_key":"MIL","city":"Milwaukee","abbreviation":"MIL","nickname":"Bucks","url_name":"bucks","team_code":"bucks","score":""}},{"id":"0021900706","game_url":"20200128/PHXDAL","season_id":"22019","date":"20200128","time":"2030","arena":"American Airlines Center","city":"Dallas","state":"TX","country":"USA","home_start_date":"20200128","home_start_time":"1930","visitor_start_date":"20200128","visitor_start_time":"1830","previewAvailable":"0","recapAvailable":"0","notebookAvailable":"0","tnt_ot":"0","buzzerBeater":"0","ticket":{"ticket_link":"https://a.data.nba.com/tickets/single/2019/0021900706/WEB_MWEB"},"period_time":{"period_value":"","period_status":"8:30 pm ET","game_status":"1","game_clock":"","total_periods":"4","period_name":"Qtr"},"lp":{"lp_video":"true","condensed_bb":"false","visitor":{"audio":{"ENG":"false","SPA":"false"},"video":{"avl":"false","onAir":"false","archBB":"false"}},"home":{"audio":{"ENG":"false","SPA":"false"},"video":{"avl":"false","onAir":"false","archBB":"false"}}},"dl":{"link":[]},"broadcasters":{"radio":{"broadcaster":[{"scope":"local","home_visitor":"visitor","display_name":"AZ Sports 98.7 FM"},{"scope":"local","home_visitor":"home","display_name":"ESPN 103.3 FM / 1270 AM (ESP)"}]},"tv":{"broadcaster":[{"scope":"can","home_visitor":"can","display_name":"NBA TV Canada"},{"scope":"local","home_visitor":"home","display_name":"Fox Sports Southwest - Dallas"},{"scope":"local","home_visitor":"visitor","display_name":"Fox Sports Arizona"}]}},"visitor":{"id":"1610612756","team_key":"PHX","city":"Phoenix","abbreviation":"PHX","nickname":"Suns","url_name":"suns","team_code":"suns","score":""},"home":{"id":"1610612742","team_key":"DAL","city":"Dallas","abbreviation":"DAL","nickname":"Mavericks","url_name":"mavericks","team_code":"mavericks","score":""}},{"id":"0021900707","game_url":"20200128/LACLAL","season_id":"22019","date":"20200128","time":"2200","arena":"Staples Center","city":"Los Angeles","state":"CA","country":"USA","home_start_date":"20200128","home_start_time":"1900","visitor_start_date":"20200128","visitor_start_time":"1900","previewAvailable":"0","recapAvailable":"0","notebookAvailable":"0","tnt_ot":"1","buzzerBeater":"0","ticket":{"ticket_link":"https://a.data.nba.com/tickets/single/2019/0021900707/WEB_MWEB"},"period_time":{"period_value":"","period_status":"10:00 pm ET","game_status":"1","game_clock":"","total_periods":"4","period_name":"Qtr"},"lp":{"lp_video":"true","condensed_bb":"false","visitor":{"audio":{"ENG":"false","SPA":"false"},"video":{"avl":"false","onAir":"false","archBB":"false"}},"home":{"audio":{"ENG":"false","SPA":"false"},"video":{"avl":"false","onAir":"false","archBB":"false"}}},"dl":{"link":[{"name":"TNT","long_nm":"","code":"tnt","url":"http://www.tntdrama.com/watchtnt/","mobile_url":"","home_visitor":"natl"},{"name":"TNTOT","long_nm":"","code":"tntot","url":"http://www.nba.com/tntovertime/","mobile_url":"","home_visitor":"natl"}]},"broadcasters":{"radio":{"broadcaster":[{"scope":"local","home_visitor":"visitor","display_name":"AM 570 LA Sports"},{"scope":"local","home_visitor":"home","display_name":"710 AM ESPN / 1330 AM ESPN DEPORTES"}]},"tv":{"broadcaster":[{"scope":"natl","home_visitor":"natl","display_name":"TNT"},{"scope":"can","home_visitor":"can","display_name":"SN1"}]}},"visitor":{"id":"1610612746","team_key":"LAC","city":"LA","abbreviation":"LAC","nickname":"Clippers","url_name":"clippers","team_code":"clippers","score":""},"home":{"id":"1610612747","team_key":"LAL","city":"Los Angeles","abbreviation":"LAL","nickname":"Lakers","url_name":"lakers","team_code":"lakers","score":""}}]}}}