{
  "sports_content": {
    "sports_meta": {
      "date_time": "2020-01-24 16:09:56.567 EST",
      "end_to_end_time_millis": "17652",
      "consolidatedDomKey": "prod__transform__cms_scoreboard__2342166285683",
      "season_meta": {
        "calendar_date": "20200124",
        "season_year": "2019",
        "stats_season_year": "2019",
        "stats_season_id": "22019",
        "stats_season_stage": "2",
        "roster_season_year": "2019",
        "schedule_season_year": "2019",
        "standings_season_year": "2019",
        "season_id": "22019",
        "display_year": "2019-20",
        "display_season": "Regular Season",
        "season_stage": "2",
        "league_id": "00"
      },
      "next": {
        "url": "http://data.nba.net/5s/json/cms/noseason/scoreboard/20200125/games.json"
      }
    },
    "games": {
      "game": [
        {
          "id": "0021900680",
          "game_url": "20200125/DALUTA",
          "season_id": "22019",
          "date": "20200125",
          "time": "1700",
          "arena": "Vivint Smart Home Arena",
          "city": "Salt Lake City",
          "state": "UT",
          "country": "USA",
          "home_start_date": "20200125",
          "home_start_time": "1500",
          "visitor_start_date": "20200125",
          "visitor_start_time": "1600",
          "previewAvailable": "0",
          "recapAvailable": "0",
          "notebookAvailable": "0",
          "tnt_ot": "0",
          "buzzerBeater": "0",
          "ticket": {
            "ticket_link": "https://a.data.nba.com/tickets/single/2019/0021900680/WEB_MWEB"
          },
          "period_time": {
            "period_value": "",
            "period_status": "5:00 pm ET",
            "game_status": "1",
            "game_clock": "",
            "total_periods": "4",
            "period_name": "Qtr"
          },
          "lp": {
            "lp_video": "true",
            "condensed_bb": "false",
            "visitor": {
              "audio": { "ENG": "false", "SPA": "false" },
              "video": { "avl": "false", "onAir": "false", "archBB": "false" }
            },
            "home": {
              "audio": { "ENG": "false", "SPA": "false" },
              "video": { "avl": "false", "onAir": "false", "archBB": "false" }
            }
          },
          "dl": { "link": [] },
          "broadcasters": {
            "radio": {
              "broadcaster": [
                {
                  "scope": "local",
                  "home_visitor": "visitor",
                  "display_name": "ESPN 103.3 FM / 1270 AM (ESP)"
                },
                {
                  "scope": "local",
                  "home_visitor": "home",
                  "display_name": "97.5 FM | 1280 AM The Zone"
                }
              ]
            },
            "tv": {
              "broadcaster": [
                {
                  "scope": "can",
                  "home_visitor": "can",
                  "display_name": "NBA TV Canada"
                },
                {
                  "scope": "local",
                  "home_visitor": "home",
                  "display_name": "AT&T Sportsnet - Rocky Mountain"
                },
                {
                  "scope": "local",
                  "home_visitor": "visitor",
                  "display_name": "Fox Sports Southwest - Dallas"
                }
              ]
            }
          },
          "visitor": {
            "id": "1610612742",
            "team_key": "DAL",
            "city": "Dallas",
            "abbreviation": "DAL",
            "nickname": "Mavericks",
            "url_name": "mavericks",
            "team_code": "mavericks",
            "score": ""
          },
          "home": {
            "id": "1610612762",
            "team_key": "UTA",
            "city": "Utah",
            "abbreviation": "UTA",
            "nickname": "Jazz",
            "url_name": "jazz",
            "team_code": "jazz",
            "score": ""
          }
        },
        {
          "id": "0021900681",
          "game_url": "20200125/BKNDET",
          "season_id": "22019",
          "date": "20200125",
          "time": "1900",
          "arena": "Little Caesars Arena",
          "city": "Detroit",
          "state": "MI",
          "country": "USA",
          "home_start_date": "20200125",
          "home_start_time": "1900",
          "visitor_start_date": "20200125",
          "visitor_start_time": "1900",
          "previewAvailable": "0",
          "recapAvailable": "0",
          "notebookAvailable": "0",
          "tnt_ot": "0",
          "buzzerBeater": "0",
          "ticket": {
            "ticket_link": "https://a.data.nba.com/tickets/single/2019/0021900681/WEB_MWEB"
          },
          "period_time": {
            "period_value": "",
            "period_status": "7:00 pm ET",
            "game_status": "1",
            "game_clock": "",
            "total_periods": "4",
            "period_name": "Qtr"
          },
          "lp": {
            "lp_video": "true",
            "condensed_bb": "false",
            "visitor": {
              "audio": { "ENG": "false", "SPA": "false" },
              "video": { "avl": "false", "onAir": "false", "archBB": "false" }
            },
            "home": {
              "audio": { "ENG": "false", "SPA": "false" },
              "video": { "avl": "false", "onAir": "false", "archBB": "false" }
            }
          },
          "dl": { "link": [] },
          "broadcasters": {
            "radio": {
              "broadcaster": [
                {
                  "scope": "local",
                  "home_visitor": "visitor",
                  "display_name": "WFAN"
                },
                {
                  "scope": "local",
                  "home_visitor": "home",
                  "display_name": "97.1 FM The Ticket"
                }
              ]
            },
            "tv": {
              "broadcaster": [
                {
                  "scope": "local",
                  "home_visitor": "home",
                  "display_name": "Fox Sports Detroit"
                },
                {
                  "scope": "local",
                  "home_visitor": "visitor",
                  "display_name": "YES"
                }
              ]
            }
          },
          "visitor": {
            "id": "1610612751",
            "team_key": "BKN",
            "city": "Brooklyn",
            "abbreviation": "BKN",
            "nickname": "Nets",
            "url_name": "nets",
            "team_code": "nets",
            "score": ""
          },
          "home": {
            "id": "1610612765",
            "team_key": "DET",
            "city": "Detroit",
            "abbreviation": "DET",
            "nickname": "Pistons",
            "url_name": "pistons",
            "team_code": "pistons",
            "score": ""
          }
        },
        {
          "id": "0021900682",
          "game_url": "20200125/CHICLE",
          "season_id": "22019",
          "date": "20200125",
          "time": "2000",
          "arena": "Rocket Mortgage FieldHouse",
          "city": "Cleveland",
          "state": "OH",
          "country": "USA",
          "home_start_date": "20200125",
          "home_start_time": "2000",
          "visitor_start_date": "20200125",
          "visitor_start_time": "1900",
          "previewAvailable": "0",
          "recapAvailable": "0",
          "notebookAvailable": "0",
          "tnt_ot": "0",
          "buzzerBeater": "0",
          "ticket": {
            "ticket_link": "https://a.data.nba.com/tickets/single/2019/0021900682/WEB_MWEB"
          },
          "period_time": {
            "period_value": "",
            "period_status": "8:00 pm ET",
            "game_status": "1",
            "game_clock": "",
            "total_periods": "4",
            "period_name": "Qtr"
          },
          "lp": {
            "lp_video": "true",
            "condensed_bb": "false",
            "visitor": {
              "audio": { "ENG": "false", "SPA": "false" },
              "video": { "avl": "false", "onAir": "false", "archBB": "false" }
            },
            "home": {
              "audio": { "ENG": "false", "SPA": "false" },
              "video": { "avl": "false", "onAir": "false", "archBB": "false" }
            }
          },
          "dl": { "link": [] },
          "broadcasters": {
            "radio": {
              "broadcaster": [
                {
                  "scope": "local",
                  "home_visitor": "visitor",
                  "display_name": "WSCR-AM 670"
                },
                {
                  "scope": "local",
                  "home_visitor": "home",
                  "display_name": "WTAM 1100 / 100.7 WMMS / 87.7 FM (ESP)"
                }
              ]
            },
            "tv": {
              "broadcaster": [
                {
                  "scope": "local",
                  "home_visitor": "home",
                  "display_name": "Fox Sports Ohio"
                },
                {
                  "scope": "local",
                  "home_visitor": "visitor",
                  "display_name": "NBC Sports Chicago"
                }
              ]
            }
          },
          "visitor": {
            "id": "1610612741",
            "team_key": "CHI",
            "city": "Chicago",
            "abbreviation": "CHI",
            "nickname": "Bulls",
            "url_name": "bulls",
            "team_code": "bulls",
            "score": ""
          },
          "home": {
            "id": "1610612739",
            "team_key": "CLE",
            "city": "Cleveland",
            "abbreviation": "CLE",
            "nickname": "Cavaliers",
            "url_name": "cavaliers",
            "team_code": "cavaliers",
            "score": ""
          }
        },
        {
          "id": "0021900683",
          "game_url": "20200125/OKCMIN",
          "season_id": "22019",
          "date": "20200125",
          "time": "2000",
          "arena": "Target Center",
          "city": "Minneapolis",
          "state": "MN",
          "country": "USA",
          "home_start_date": "20200125",
          "home_start_time": "1900",
          "visitor_start_date": "20200125",
          "visitor_start_time": "1900",
          "previewAvailable": "0",
          "recapAvailable": "0",
          "notebookAvailable": "0",
          "tnt_ot": "0",
          "buzzerBeater": "0",
          "ticket": {
            "ticket_link": "https://a.data.nba.com/tickets/single/2019/0021900683/WEB_MWEB"
          },
          "period_time": {
            "period_value": "",
            "period_status": "8:00 pm ET",
            "game_status": "1",
            "game_clock": "",
            "total_periods": "4",
            "period_name": "Qtr"
          },
          "lp": {
            "lp_video": "true",
            "condensed_bb": "false",
            "visitor": {
              "audio": { "ENG": "false", "SPA": "false" },
              "video": { "avl": "false", "onAir": "false", "archBB": "false" }
            },
            "home": {
              "audio": { "ENG": "false", "SPA": "false" },
              "video": { "avl": "false", "onAir": "false", "archBB": "false" }
            }
          },
          "dl": { "link": [] },
          "broadcasters": {
            "radio": {
              "broadcaster": [
                {
                  "scope": "local",
                  "home_visitor": "visitor",
                  "display_name": "WWLS 98.1FM OKC"
                },
                {
                  "scope": "local",
                  "home_visitor": "home",
                  "display_name": "830 WCCO"
                }
              ]
            },
            "tv": {
              "broadcaster": [
                {
                  "scope": "can",
                  "home_visitor": "can",
                  "display_name": "NBA TV Canada"
                },
                {
                  "scope": "local",
                  "home_visitor": "home",
                  "display_name": "Fox Sports North"
                },
                {
                  "scope": "local",
                  "home_visitor": "visitor",
                  "display_name": "Fox Sports Oklahoma"
                }
              ]
            }
          },
          "visitor": {
            "id": "1610612760",
            "team_key": "OKC",
            "city": "Oklahoma City",
            "abbreviation": "OKC",
            "nickname": "Thunder",
            "url_name": "thunder",
            "team_code": "thunder",
            "score": ""
          },
          "home": {
            "id": "1610612750",
            "team_key": "MIN",
            "city": "Minnesota",
            "abbreviation": "MIN",
            "nickname": "Timberwolves",
            "url_name": "timberwolves",
            "team_code": "timberwolves",
            "score": ""
          }
        },
        {
          "id": "0021900684",
          "game_url": "20200125/LALPHI",
          "season_id": "22019",
          "date": "20200125",
          "time": "2030",
          "arena": "Wells Fargo Center",
          "city": "Philadelphia",
          "state": "PA",
          "country": "USA",
          "home_start_date": "20200125",
          "home_start_time": "2030",
          "visitor_start_date": "20200125",
          "visitor_start_time": "1730",
          "previewAvailable": "1",
          "recapAvailable": "0",
          "notebookAvailable": "0",
          "tnt_ot": "0",
          "buzzerBeater": "0",
          "ticket": {
            "ticket_link": "https://a.data.nba.com/tickets/single/2019/0021900684/WEB_MWEB"
          },
          "period_time": {
            "period_value": "",
            "period_status": "8:30 pm ET",
            "game_status": "1",
            "game_clock": "",
            "total_periods": "4",
            "period_name": "Qtr"
          },
          "lp": {
            "lp_video": "true",
            "condensed_bb": "false",
            "visitor": {
              "audio": { "ENG": "false", "SPA": "false" },
              "video": { "avl": "false", "onAir": "false", "archBB": "false" }
            },
            "home": {
              "audio": { "ENG": "false", "SPA": "false" },
              "video": { "avl": "false", "onAir": "false", "archBB": "false" }
            }
          },
          "dl": { "link": [] },
          "broadcasters": {
            "radio": {
              "broadcaster": [
                {
                  "scope": "local",
                  "home_visitor": "visitor",
                  "display_name": "710 AM ESPN / 1330 AM ESPN DEPORTES"
                },
                {
                  "scope": "local",
                  "home_visitor": "home",
                  "display_name": "97.5 The Fanatic"
                }
              ]
            },
            "tv": {
              "broadcaster": [
                {
                  "scope": "natl",
                  "home_visitor": "natl",
                  "display_name": "ABC"
                }
              ]
            }
          },
          "visitor": {
            "id": "1610612747",
            "team_key": "LAL",
            "city": "Los Angeles",
            "abbreviation": "LAL",
            "nickname": "Lakers",
            "url_name": "lakers",
            "team_code": "lakers",
            "score": ""
          },
          "home": {
            "id": "1610612755",
            "team_key": "PHI",
            "city": "Philadelphia",
            "abbreviation": "PHI",
            "nickname": "76ers",
            "url_name": "sixers",
            "team_code": "sixers",
            "score": ""
          }
        }
      ]
    }
  }
}
