{"sports_content":{"sports_meta":{"date_time":"2020-01-26 20:47:55.857 EST","end_to_end_time_millis":"986","consolidatedDomKey":"prod__transform__cms_scoreboard__3345593387713","season_meta":{"calendar_date":"20200126","season_year":"2019","stats_season_year":"2019","stats_season_id":"22019","stats_season_stage":"2","roster_season_year":"2019","schedule_season_year":"2019","standings_season_year":"2019","season_id":"22019","display_year":"2019-20","display_season":"Regular Season","season_stage":"2","league_id":"00"},"next":{"url":"http://data.nba.net/5s/json/cms/noseason/scoreboard/20200130/games.json"}},"games":{"game":[{"id":"0021900714","game_url":"20200130/TORCLE","season_id":"22019","date":"20200130","time":"1900","arena":"Rocket Mortgage FieldHouse","city":"Cleveland","state":"OH","country":"USA","home_start_date":"20200130","home_start_time":"1900","visitor_start_date":"20200130","visitor_start_time":"1900","previewAvailable":"0","recapAvailable":"0","notebookAvailable":"0","tnt_ot":"0","buzzerBeater":"0","ticket":{"ticket_link":"https://a.data.nba.com/tickets/single/2019/0021900714/WEB_MWEB"},"period_time":{"period_value":"","period_status":"7:00 pm ET","game_status":"1","game_clock":"","total_periods":"4","period_name":"Qtr"},"lp":{"lp_video":"true","condensed_bb":"false","visitor":{"audio":{"ENG":"false","SPA":"false"},"video":{"avl":"false","onAir":"false","archBB":"false"}},"home":{"audio":{"ENG":"false","SPA":"false"},"video":{"avl":"false","onAir":"false","archBB":"false"}}},"dl":{"link":[]},"broadcasters":{"radio":{"broadcaster":[{"scope":"local","home_visitor":"visitor","display_name":"TSN Radio 1050 Toronto"},{"scope":"local","home_visitor":"home","display_name":"WTAM 1100 / 100.7 WMMS / 87.7 FM (ESP)"}]},"tv":{"broadcaster":[{"scope":"local","home_visitor":"home","display_name":"Fox Sports Ohio"},{"scope":"local","home_visitor":"visitor","display_name":"SN1/E/O/W/P"}]}},"visitor":{"id":"1610612761","team_key":"TOR","city":"Toronto","abbreviation":"TOR","nickname":"Raptors","url_name":"raptors","team_code":"raptors","score":""},"home":{"id":"1610612739","team_key":"CLE","city":"Cleveland","abbreviation":"CLE","nickname":"Cavaliers","url_name":"cavaliers","team_code":"cavaliers","score":""}},{"id":"0021900715","game_url":"20200130/CHAWAS","season_id":"22019","date":"20200130","time":"1900","arena":"Capital One Arena","city":"Washington","state":"DC","country":"USA","home_start_date":"20200130","home_start_time":"1900","visitor_start_date":"20200130","visitor_start_time":"1900","previewAvailable":"0","recapAvailable":"0","notebookAvailable":"0","tnt_ot":"0","buzzerBeater":"0","ticket":{"ticket_link":"https://a.data.nba.com/tickets/single/2019/0021900715/WEB_MWEB"},"period_time":{"period_value":"","period_status":"7:00 pm ET","game_status":"1","game_clock":"","total_periods":"4","period_name":"Qtr"},"lp":{"lp_video":"true","condensed_bb":"false","visitor":{"audio":{"ENG":"false","SPA":"false"},"video":{"avl":"false","onAir":"false","archBB":"false"}},"home":{"audio":{"ENG":"false","SPA":"false"},"video":{"avl":"false","onAir":"false","archBB":"false"}}},"dl":{"link":[]},"broadcasters":{"radio":{"broadcaster":[{"scope":"local","home_visitor":"visitor","display_name":"WFNZ 610 AM/102.5 FM"},{"scope":"local","home_visitor":"home","display_name":"1500 AM"}]},"tv":{"broadcaster":[{"scope":"local","home_visitor":"home","display_name":"NBC Sports Washington"},{"scope":"local","home_visitor":"visitor","display_name":"Fox Sports Southeast - Charlotte"}]}},"visitor":{"id":"1610612766","team_key":"CHA","city":"Charlotte","abbreviation":"CHA","nickname":"Hornets","url_name":"hornets","team_code":"hornets","score":""},"home":{"id":"1610612764","team_key":"WAS","city":"Washington","abbreviation":"WAS","nickname":"Wizards","url_name":"wizards","team_code":"wizards","score":""}},{"id":"0021900716","game_url":"20200130/PHIATL","season_id":"22019","date":"20200130","time":"1930","arena":"State Farm Arena","city":"Atlanta","state":"GA","country":"USA","home_start_date":"20200130","home_start_time":"1930","visitor_start_date":"20200130","visitor_start_time":"1930","previewAvailable":"0","recapAvailable":"0","notebookAvailable":"0","tnt_ot":"0","buzzerBeater":"0","ticket":{"ticket_link":"https://a.data.nba.com/tickets/single/2019/0021900716/WEB_MWEB"},"period_time":{"period_value":"","period_status":"7:30 pm ET","game_status":"1","game_clock":"","total_periods":"4","period_name":"Qtr"},"lp":{"lp_video":"true","condensed_bb":"false","visitor":{"audio":{"ENG":"false","SPA":"false"},"video":{"avl":"false","onAir":"false","archBB":"false"}},"home":{"audio":{"ENG":"false","SPA":"false"},"video":{"avl":"false","onAir":"false","archBB":"false"}}},"dl":{"link":[]},"broadcasters":{"radio":{"broadcaster":[{"scope":"local","home_visitor":"visitor","display_name":"97.5 The Fanatic"},{"scope":"local","home_visitor":"home","display_name":"WZGC 92.9 FM The Game"}]},"tv":{"broadcaster":[{"scope":"can","home_visitor":"can","display_name":"TSN.ca & TSN App"},{"scope":"local","home_visitor":"home","display_name":"Fox Sports Southeast - Atlanta"},{"scope":"local","home_visitor":"visitor","display_name":"NBC Sports Philadelphia"}]}},"visitor":{"id":"1610612755","team_key":"PHI","city":"Philadelphia","abbreviation":"PHI","nickname":"76ers","url_name":"sixers","team_code":"sixers","score":""},"home":{"id":"1610612737","team_key":"ATL","city":"Atlanta","abbreviation":"ATL","nickname":"Hawks","url_name":"hawks","team_code":"hawks","score":""}},{"id":"0021900717","game_url":"20200130/GSWBOS","season_id":"22019","date":"20200130","time":"2000","arena":"TD Garden","city":"Boston","state":"MA","country":"USA","home_start_date":"20200130","home_start_time":"2000","visitor_start_date":"20200130","visitor_start_time":"1700","previewAvailable":"0","recapAvailable":"0","notebookAvailable":"0","tnt_ot":"1","buzzerBeater":"0","ticket":{"ticket_link":"https://a.data.nba.com/tickets/single/2019/0021900717/WEB_MWEB"},"period_time":{"period_value":"","period_status":"8:00 pm ET","game_status":"1","game_clock":"","total_periods":"4","period_name":"Qtr"},"lp":{"lp_video":"true","condensed_bb":"false","visitor":{"audio":{"ENG":"false","SPA":"false"},"video":{"avl":"false","onAir":"false","archBB":"false"}},"home":{"audio":{"ENG":"false","SPA":"false"},"video":{"avl":"false","onAir":"false","archBB":"false"}}},"dl":{"link":[{"name":"TNT","long_nm":"","code":"tnt","url":"http://www.tntdrama.com/watchtnt/","mobile_url":"","home_visitor":"natl"},{"name":"TNTOT","long_nm":"","code":"tntot","url":"http://www.nba.com/tntovertime/","mobile_url":"","home_visitor":"natl"}]},"broadcasters":{"radio":{"broadcaster":[{"scope":"local","home_visitor":"visitor","display_name":"95.7 The Game"},{"scope":"local","home_visitor":"home","display_name":"98.5 The Sports Hub"}]},"tv":{"broadcaster":[{"scope":"natl","home_visitor":"natl","display_name":"TNT"},{"scope":"local","home_visitor":"home","display_name":"NBC Sports Boston"},{"scope":"local","home_visitor":"visitor","display_name":"NBC Sports Bay Area"}]}},"visitor":{"id":"1610612744","team_key":"GSW","city":"Golden State","abbreviation":"GSW","nickname":"Warriors","url_name":"warriors","team_code":"warriors","score":""},"home":{"id":"1610612738","team_key":"BOS","city":"Boston","abbreviation":"BOS","nickname":"Celtics","url_name":"celtics","team_code":"celtics","score":""}},{"id":"0021900718","game_url":"20200130/UTADEN","season_id":"22019","date":"20200130","time":"2230","arena":"Pepsi Center","city":"Denver","state":"CO","country":"USA","home_start_date":"20200130","home_start_time":"2030","visitor_start_date":"20200130","visitor_start_time":"2030","previewAvailable":"0","recapAvailable":"0","notebookAvailable":"0","tnt_ot":"1","buzzerBeater":"0","ticket":{"ticket_link":"https://a.data.nba.com/tickets/single/2019/0021900718/WEB_MWEB"},"period_time":{"period_value":"","period_status":"10:30 pm ET","game_status":"1","game_clock":"","total_periods":"4","period_name":"Qtr"},"lp":{"lp_video":"true","condensed_bb":"false","visitor":{"audio":{"ENG":"false","SPA":"false"},"video":{"avl":"false","onAir":"false","archBB":"false"}},"home":{"audio":{"ENG":"false","SPA":"false"},"video":{"avl":"false","onAir":"false","archBB":"false"}}},"dl":{"link":[{"name":"TNT","long_nm":"","code":"tnt","url":"http://www.tntdrama.com/watchtnt/","mobile_url":"","home_visitor":"natl"},{"name":"TNTOT","long_nm":"","code":"tntot","url":"http://www.nba.com/tntovertime/","mobile_url":"","home_visitor":"natl"}]},"broadcasters":{"radio":{"broadcaster":[{"scope":"local","home_visitor":"visitor","display_name":"97.5 FM | 1280 AM The Zone"},{"scope":"local","home_visitor":"home","display_name":"KKSE 92.5FM/950AM"}]},"tv":{"broadcaster":[{"scope":"natl","home_visitor":"natl","display_name":"TNT"},{"scope":"can","home_visitor":"can","display_name":"SN1"}]}},"visitor":{"id":"1610612762","team_key":"UTA","city":"Utah","abbreviation":"UTA","nickname":"Jazz","url_name":"jazz","team_code":"jazz","score":""},"home":{"id":"1610612743","team_key":"DEN","city":"Denver","abbreviation":"DEN","nickname":"Nuggets","url_name":"nuggets","team_code":"nuggets","score":""}},{"id":"0021900719","game_url":"20200130/SACLAC","season_id":"22019","date":"20200130","time":"2230","arena":"Staples Center","city":"Los Angeles","state":"CA","country":"USA","home_start_date":"20200130","home_start_time":"1930","visitor_start_date":"20200130","visitor_start_time":"1930","previewAvailable":"0","recapAvailable":"0","notebookAvailable":"0","tnt_ot":"0","buzzerBeater":"0","ticket":{"ticket_link":"https://a.data.nba.com/tickets/single/2019/0021900719/WEB_MWEB"},"period_time":{"period_value":"","period_status":"10:30 pm ET","game_status":"1","game_clock":"","total_periods":"4","period_name":"Qtr"},"lp":{"lp_video":"true","condensed_bb":"false","visitor":{"audio":{"ENG":"false","SPA":"false"},"video":{"avl":"false","onAir":"false","archBB":"false"}},"home":{"audio":{"ENG":"false","SPA":"false"},"video":{"avl":"false","onAir":"false","archBB":"false"}}},"dl":{"link":[]},"broadcasters":{"radio":{"broadcaster":[{"scope":"local","home_visitor":"visitor","display_name":"KHTK Sports 1140 AM"},{"scope":"local","home_visitor":"home","display_name":"AM 570 LA Sports"}]},"tv":{"broadcaster":[{"scope":"local","home_visitor":"home","display_name":"Fox Sports Prime Ticket"},{"scope":"local","home_visitor":"visitor","display_name":"NBC Sports California"}]}},"visitor":{"id":"1610612758","team_key":"SAC","city":"Sacramento","abbreviation":"SAC","nickname":"Kings","url_name":"kings","team_code":"kings","score":""},"home":{"id":"1610612746","team_key":"LAC","city":"LA","abbreviation":"LAC","nickname":"Clippers","url_name":"clippers","team_code":"clippers","score":""}}]}}}