{"sports_content":{"sports_meta":{"date_time":"2020-01-27 11:09:59.285 EST","end_to_end_time_millis":"15765","consolidatedDomKey":"prod__transform__cms_scoreboard__2077231877679","season_meta":{"calendar_date":"20200127","season_year":"2019","stats_season_year":"2019","stats_season_id":"22019","stats_season_stage":"2","roster_season_year":"2019","schedule_season_year":"2019","standings_season_year":"2019","season_id":"22019","display_year":"2019-20","display_season":"Regular Season","season_stage":"2","league_id":"00"},"next":{"url":"http://data.nba.net/5s/json/cms/noseason/scoreboard/20200131/games.json"}},"games":{"game":[{"id":"0021900720","game_url":"20200131/TORDET","season_id":"22019","date":"20200131","time":"1900","arena":"Little Caesars Arena","city":"Detroit","state":"MI","country":"USA","home_start_date":"20200131","home_start_time":"1900","visitor_start_date":"20200131","visitor_start_time":"1900","previewAvailable":"0","recapAvailable":"0","notebookAvailable":"0","tnt_ot":"0","buzzerBeater":"0","ticket":{"ticket_link":"https://a.data.nba.com/tickets/single/2019/0021900720/WEB_MWEB"},"period_time":{"period_value":"","period_status":"7:00 pm ET","game_status":"1","game_clock":"","total_periods":"4","period_name":"Qtr"},"lp":{"lp_video":"true","condensed_bb":"false","visitor":{"audio":{"ENG":"false","SPA":"false"},"video":{"avl":"false","onAir":"false","archBB":"false"}},"home":{"audio":{"ENG":"false","SPA":"false"},"video":{"avl":"false","onAir":"false","archBB":"false"}}},"dl":{"link":[]},"broadcasters":{"radio":{"broadcaster":[{"scope":"local","home_visitor":"visitor","display_name":"Sportsnet 590 The FAN"},{"scope":"local","home_visitor":"home","display_name":"950 AM"}]},"tv":{"broadcaster":[{"scope":"local","home_visitor":"home","display_name":"Fox Sports Detroit"},{"scope":"local","home_visitor":"visitor","display_name":"SN1"}]}},"visitor":{"id":"1610612761","team_key":"TOR","city":"Toronto","abbreviation":"TOR","nickname":"Raptors","url_name":"raptors","team_code":"raptors","score":""},"home":{"id":"1610612765","team_key":"DET","city":"Detroit","abbreviation":"DET","nickname":"Pistons","url_name":"pistons","team_code":"pistons","score":""}},{"id":"0021900721","game_url":"20200131/CHIBKN","season_id":"22019","date":"20200131","time":"1930","arena":"Barclays Center","city":"Brooklyn","state":"NY","country":"USA","home_start_date":"20200131","home_start_time":"1930","visitor_start_date":"20200131","visitor_start_time":"1830","previewAvailable":"0","recapAvailable":"0","notebookAvailable":"0","tnt_ot":"0","buzzerBeater":"0","ticket":{"ticket_link":"https://a.data.nba.com/tickets/single/2019/0021900721/WEB_MWEB"},"period_time":{"period_value":"","period_status":"7:30 pm ET","game_status":"1","game_clock":"","total_periods":"4","period_name":"Qtr"},"lp":{"lp_video":"true","condensed_bb":"false","visitor":{"audio":{"ENG":"false","SPA":"false"},"video":{"avl":"false","onAir":"false","archBB":"false"}},"home":{"audio":{"ENG":"false","SPA":"false"},"video":{"avl":"false","onAir":"false","archBB":"false"}}},"dl":{"link":[]},"broadcasters":{"radio":{"broadcaster":[{"scope":"local","home_visitor":"visitor","display_name":"WSCR-AM 670"},{"scope":"local","home_visitor":"home","display_name":"WFAN"}]},"tv":{"broadcaster":[{"scope":"can","home_visitor":"can","display_name":"TSN.ca & TSN App"},{"scope":"local","home_visitor":"home","display_name":"YES"},{"scope":"local","home_visitor":"visitor","display_name":"NBC Sports Chicago"}]}},"visitor":{"id":"1610612741","team_key":"CHI","city":"Chicago","abbreviation":"CHI","nickname":"Bulls","url_name":"bulls","team_code":"bulls","score":""},"home":{"id":"1610612751","team_key":"BKN","city":"Brooklyn","abbreviation":"BKN","nickname":"Nets","url_name":"nets","team_code":"nets","score":""}},{"id":"0021900722","game_url":"20200131/DALHOU","season_id":"22019","date":"20200131","time":"2000","arena":"Toyota Center","city":"Houston","state":"TX","country":"USA","home_start_date":"20200131","home_start_time":"1900","visitor_start_date":"20200131","visitor_start_time":"1900","previewAvailable":"0","recapAvailable":"0","notebookAvailable":"0","tnt_ot":"0","buzzerBeater":"0","ticket":{"ticket_link":"https://a.data.nba.com/tickets/single/2019/0021900722/WEB_MWEB"},"period_time":{"period_value":"","period_status":"8:00 pm ET","game_status":"1","game_clock":"","total_periods":"4","period_name":"Qtr"},"lp":{"lp_video":"true","condensed_bb":"false","visitor":{"audio":{"ENG":"false","SPA":"false"},"video":{"avl":"false","onAir":"false","archBB":"false"}},"home":{"audio":{"ENG":"false","SPA":"false"},"video":{"avl":"false","onAir":"false","archBB":"false"}}},"dl":{"link":[]},"broadcasters":{"radio":{"broadcaster":[{"scope":"local","home_visitor":"visitor","display_name":"ESPN 103.3 FM / 1270 AM (ESP)"},{"scope":"local","home_visitor":"home","display_name":"790 KBME & 740 KTRH / 850 KEYH & 101.7 F"}]},"tv":{"broadcaster":[{"scope":"natl","home_visitor":"natl","display_name":"ESPN"},{"scope":"local","home_visitor":"home","display_name":"AT&T Sportsnet - Southwest"},{"scope":"local","home_visitor":"visitor","display_name":"Fox Sports Southwest - Dallas"}]}},"visitor":{"id":"1610612742","team_key":"DAL","city":"Dallas","abbreviation":"DAL","nickname":"Mavericks","url_name":"mavericks","team_code":"mavericks","score":""},"home":{"id":"1610612745","team_key":"HOU","city":"Houston","abbreviation":"HOU","nickname":"Rockets","url_name":"rockets","team_code":"rockets","score":""}},{"id":"0021900723","game_url":"20200131/MEMNOP","season_id":"22019","date":"20200131","time":"2000","arena":"Smoothie King Center","city":"New Orleans","state":"LA","country":"USA","home_start_date":"20200131","home_start_time":"1900","visitor_start_date":"20200131","visitor_start_time":"1900","previewAvailable":"0","recapAvailable":"0","notebookAvailable":"0","tnt_ot":"0","buzzerBeater":"0","ticket":{"ticket_link":"https://a.data.nba.com/tickets/single/2019/0021900723/WEB_MWEB"},"period_time":{"period_value":"","period_status":"8:00 pm ET","game_status":"1","game_clock":"","total_periods":"4","period_name":"Qtr"},"lp":{"lp_video":"true","condensed_bb":"false","visitor":{"audio":{"ENG":"false","SPA":"false"},"video":{"avl":"false","onAir":"false","archBB":"false"}},"home":{"audio":{"ENG":"false","SPA":"false"},"video":{"avl":"false","onAir":"false","archBB":"false"}}},"dl":{"link":[]},"broadcasters":{"radio":{"broadcaster":[{"scope":"local","home_visitor":"visitor","display_name":"ESPN Radio 92.9FM / 680AM"},{"scope":"local","home_visitor":"home","display_name":"ESPN 100.3FM"}]},"tv":{"broadcaster":[{"scope":"can","home_visitor":"can","display_name":"SN NOW"},{"scope":"local","home_visitor":"home","display_name":"Fox Sports New Orleans"},{"scope":"local","home_visitor":"visitor","display_name":"Fox Sports Southeast - Memphis"}]}},"visitor":{"id":"1610612763","team_key":"MEM","city":"Memphis","abbreviation":"MEM","nickname":"Grizzlies","url_name":"grizzlies","team_code":"grizzlies","score":""},"home":{"id":"1610612740","team_key":"NOP","city":"New Orleans","abbreviation":"NOP","nickname":"Pelicans","url_name":"pelicans","team_code":"pelicans","score":""}},{"id":"0021900724","game_url":"20200131/DENMIL","season_id":"22019","date":"20200131","time":"2100","arena":"Fiserv Forum","city":"Milwaukee","state":"WI","country":"USA","home_start_date":"20200131","home_start_time":"2000","visitor_start_date":"20200131","visitor_start_time":"1900","previewAvailable":"0","recapAvailable":"0","notebookAvailable":"0","tnt_ot":"0","buzzerBeater":"0","ticket":{"ticket_link":"https://a.data.nba.com/tickets/single/2019/0021900724/WEB_MWEB"},"period_time":{"period_value":"","period_status":"9:00 pm ET","game_status":"1","game_clock":"","total_periods":"4","period_name":"Qtr"},"lp":{"lp_video":"true","condensed_bb":"false","visitor":{"audio":{"ENG":"false","SPA":"false"},"video":{"avl":"false","onAir":"false","archBB":"false"}},"home":{"audio":{"ENG":"false","SPA":"false"},"video":{"avl":"false","onAir":"false","archBB":"false"}}},"dl":{"link":[]},"broadcasters":{"radio":{"broadcaster":[{"scope":"local","home_visitor":"visitor","display_name":"KKSE 92.5FM/950AM"},{"scope":"local","home_visitor":"home","display_name":"620 AM/103.3 FM WTMJ"}]},"tv":{"broadcaster":[{"scope":"can","home_visitor":"can","display_name":"NBA TV Canada"},{"scope":"local","home_visitor":"home","display_name":"Fox Sports Wisconsin"},{"scope":"local","home_visitor":"visitor","display_name":"Altitude"}]}},"visitor":{"id":"1610612743","team_key":"DEN","city":"Denver","abbreviation":"DEN","nickname":"Nuggets","url_name":"nuggets","team_code":"nuggets","score":""},"home":{"id":"1610612749","team_key":"MIL","city":"Milwaukee","abbreviation":"MIL","nickname":"Bucks","url_name":"bucks","team_code":"bucks","score":""}},{"id":"0021900725","game_url":"20200131/OKCPHX","season_id":"22019","date":"20200131","time":"2100","arena":"Talking Stick Resort Arena","city":"Phoenix","state":"AZ","country":"USA","home_start_date":"20200131","home_start_time":"1900","visitor_start_date":"20200131","visitor_start_time":"2000","previewAvailable":"0","recapAvailable":"0","notebookAvailable":"0","tnt_ot":"0","buzzerBeater":"0","ticket":{"ticket_link":"https://a.data.nba.com/tickets/single/2019/0021900725/WEB_MWEB"},"period_time":{"period_value":"","period_status":"9:00 pm ET","game_status":"1","game_clock":"","total_periods":"4","period_name":"Qtr"},"lp":{"lp_video":"true","condensed_bb":"false","visitor":{"audio":{"ENG":"false","SPA":"false"},"video":{"avl":"false","onAir":"false","archBB":"false"}},"home":{"audio":{"ENG":"false","SPA":"false"},"video":{"avl":"false","onAir":"false","archBB":"false"}}},"dl":{"link":[]},"broadcasters":{"radio":{"broadcaster":[{"scope":"local","home_visitor":"visitor","display_name":"WWLS 98.1FM OKC"},{"scope":"local","home_visitor":"home","display_name":"AZ Sports 98.7 FM"}]},"tv":{"broadcaster":[{"scope":"local","home_visitor":"home","display_name":"Fox Sports Arizona"},{"scope":"local","home_visitor":"visitor","display_name":"Fox Sports Oklahoma"}]}},"visitor":{"id":"1610612760","team_key":"OKC","city":"Oklahoma City","abbreviation":"OKC","nickname":"Thunder","url_name":"thunder","team_code":"thunder","score":""},"home":{"id":"1610612756","team_key":"PHX","city":"Phoenix","abbreviation":"PHX","nickname":"Suns","url_name":"suns","team_code":"suns","score":""}},{"id":"0021900726","game_url":"20200131/PORLAL","season_id":"22019","date":"20200131","time":"2230","arena":"Staples Center","city":"Los Angeles","state":"CA","country":"USA","home_start_date":"20200131","home_start_time":"1930","visitor_start_date":"20200131","visitor_start_time":"1930","previewAvailable":"0","recapAvailable":"0","notebookAvailable":"0","tnt_ot":"0","buzzerBeater":"0","ticket":{"ticket_link":"https://a.data.nba.com/tickets/single/2019/0021900726/WEB_MWEB"},"period_time":{"period_value":"","period_status":"10:30 pm ET","game_status":"1","game_clock":"","total_periods":"4","period_name":"Qtr"},"lp":{"lp_video":"true","condensed_bb":"false","visitor":{"audio":{"ENG":"false","SPA":"false"},"video":{"avl":"false","onAir":"false","archBB":"false"}},"home":{"audio":{"ENG":"false","SPA":"false"},"video":{"avl":"false","onAir":"false","archBB":"false"}}},"dl":{"link":[]},"broadcasters":{"radio":{"broadcaster":[{"scope":"local","home_visitor":"visitor","display_name":"Rip City Radio 620"},{"scope":"local","home_visitor":"home","display_name":"710 AM ESPN / 1330 AM ESPN DEPORTES"}]},"tv":{"broadcaster":[{"scope":"natl","home_visitor":"natl","display_name":"ESPN"},{"scope":"local","home_visitor":"home","display_name":"Spectrum SportsNet"},{"scope":"local","home_visitor":"visitor","display_name":"NBC Sports Northwest"}]}},"visitor":{"id":"1610612757","team_key":"POR","city":"Portland","abbreviation":"POR","nickname":"Trail Blazers","url_name":"blazers","team_code":"blazers","score":""},"home":{"id":"1610612747","team_key":"LAL","city":"Los Angeles","abbreviation":"LAL","nickname":"Lakers","url_name":"lakers","team_code":"lakers","score":""}}]}}}