{
  "sports_content": {
    "sports_meta": {
      "date_time": "2020-01-24 16:17:58.489 EST",
      "end_to_end_time_millis": "4908",
      "consolidatedDomKey": "prod__transform__cms_scoreboard__2480064348491",
      "season_meta": {
        "calendar_date": "20200124",
        "season_year": "2019",
        "stats_season_year": "2019",
        "stats_season_id": "22019",
        "stats_season_stage": "2",
        "roster_season_year": "2019",
        "schedule_season_year": "2019",
        "standings_season_year": "2019",
        "season_id": "22019",
        "display_year": "2019-20",
        "display_season": "Regular Season",
        "season_stage": "2",
        "league_id": "00"
      },
      "next": {
        "url": "http://data.nba.net/5s/json/cms/noseason/scoreboard/20200124/games.json"
      }
    },
    "games": {
      "game": [
        {
          "id": "0021900669",
          "game_url": "20200124/MILCHA",
          "season_id": "22019",
          "date": "20200124",
          "time": "1500",
          "arena": "AccorHotels Arena",
          "city": "Paris",
          "state": "12",
          "country": "USA",
          "home_start_date": "20200124",
          "home_start_time": "1500",
          "visitor_start_date": "20200124",
          "visitor_start_time": "1400",
          "previewAvailable": "1",
          "recapAvailable": "0",
          "notebookAvailable": "0",
          "tnt_ot": "0",
          "buzzerBeater": "0",
          "ticket": {
            "ticket_link": "https://a.data.nba.com/tickets/single/2019/0021900669/WEB_MWEB"
          },
          "period_time": {
            "period_value": "2",
            "period_status": "Halftime",
            "game_status": "2",
            "game_clock": "",
            "total_periods": "4",
            "period_name": "Qtr"
          },
          "lp": {
            "lp_video": "true",
            "condensed_bb": "false",
            "visitor": {
              "audio": { "ENG": "true", "SPA": "false" },
              "video": { "avl": "false", "onAir": "false", "archBB": "false" }
            },
            "home": {
              "audio": { "ENG": "true", "SPA": "false" },
              "video": { "avl": "false", "onAir": "false", "archBB": "false" }
            }
          },
          "dl": { "link": [] },
          "broadcasters": {
            "radio": {
              "broadcaster": [
                {
                  "scope": "local",
                  "home_visitor": "visitor",
                  "display_name": "620 AM/103.3 FM WTMJ"
                },
                {
                  "scope": "local",
                  "home_visitor": "home",
                  "display_name": "WFNZ 610 AM/102.5 FM"
                }
              ]
            },
            "tv": {
              "broadcaster": [
                {
                  "scope": "natl",
                  "home_visitor": "natl",
                  "display_name": "NBA TV"
                },
                {
                  "scope": "can",
                  "home_visitor": "can",
                  "display_name": "NBA TV Canada"
                },
                {
                  "scope": "local",
                  "home_visitor": "home",
                  "display_name": "Fox Sports Southeast - Charlotte"
                },
                {
                  "scope": "local",
                  "home_visitor": "visitor",
                  "display_name": "Fox Sports Wisconsin"
                }
              ]
            }
          },
          "visitor": {
            "id": "1610612749",
            "team_key": "MIL",
            "city": "Milwaukee",
            "abbreviation": "MIL",
            "nickname": "Bucks",
            "url_name": "bucks",
            "team_code": "bucks",
            "score": "50",
            "linescores": {
              "period": [
                { "period_value": "1", "period_name": "Q1", "score": "24" },
                { "period_value": "2", "period_name": "Q2", "score": "26" }
              ]
            }
          },
          "home": {
            "id": "1610612766",
            "team_key": "CHA",
            "city": "Charlotte",
            "abbreviation": "CHA",
            "nickname": "Hornets",
            "url_name": "hornets",
            "team_code": "hornets",
            "score": "55",
            "linescores": {
              "period": [
                { "period_value": "1", "period_name": "Q1", "score": "31" },
                { "period_value": "2", "period_name": "Q2", "score": "24" }
              ]
            }
          }
        },
        {
          "id": "0021900670",
          "game_url": "20200124/MEMDET",
          "season_id": "22019",
          "date": "20200124",
          "time": "1900",
          "arena": "Little Caesars Arena",
          "city": "Detroit",
          "state": "MI",
          "country": "USA",
          "home_start_date": "20200124",
          "home_start_time": "1900",
          "visitor_start_date": "20200124",
          "visitor_start_time": "1800",
          "previewAvailable": "1",
          "recapAvailable": "0",
          "notebookAvailable": "0",
          "tnt_ot": "0",
          "buzzerBeater": "0",
          "ticket": {
            "ticket_link": "https://a.data.nba.com/tickets/single/2019/0021900670/WEB_MWEB"
          },
          "period_time": {
            "period_value": "",
            "period_status": "7:00 pm ET",
            "game_status": "1",
            "game_clock": "",
            "total_periods": "4",
            "period_name": "Qtr"
          },
          "lp": {
            "lp_video": "true",
            "condensed_bb": "false",
            "visitor": {
              "audio": { "ENG": "false", "SPA": "false" },
              "video": { "avl": "false", "onAir": "false", "archBB": "false" }
            },
            "home": {
              "audio": { "ENG": "false", "SPA": "false" },
              "video": { "avl": "false", "onAir": "false", "archBB": "false" }
            }
          },
          "dl": { "link": [] },
          "broadcasters": {
            "radio": {
              "broadcaster": [
                {
                  "scope": "local",
                  "home_visitor": "visitor",
                  "display_name": "ESPN Radio 92.9FM / 680AM"
                },
                {
                  "scope": "local",
                  "home_visitor": "home",
                  "display_name": "97.1 FM The Ticket"
                }
              ]
            },
            "tv": {
              "broadcaster": [
                {
                  "scope": "local",
                  "home_visitor": "home",
                  "display_name": "Fox Sports Detroit"
                },
                {
                  "scope": "local",
                  "home_visitor": "visitor",
                  "display_name": "Fox Sports Southeast - Memphis"
                }
              ]
            }
          },
          "visitor": {
            "id": "1610612763",
            "team_key": "MEM",
            "city": "Memphis",
            "abbreviation": "MEM",
            "nickname": "Grizzlies",
            "url_name": "grizzlies",
            "team_code": "grizzlies",
            "score": ""
          },
          "home": {
            "id": "1610612765",
            "team_key": "DET",
            "city": "Detroit",
            "abbreviation": "DET",
            "nickname": "Pistons",
            "url_name": "pistons",
            "team_code": "pistons",
            "score": ""
          }
        },
        {
          "id": "0021900671",
          "game_url": "20200124/BOSORL",
          "season_id": "22019",
          "date": "20200124",
          "time": "1900",
          "arena": "Amway Center",
          "city": "Orlando",
          "state": "FL",
          "country": "USA",
          "home_start_date": "20200124",
          "home_start_time": "1900",
          "visitor_start_date": "20200124",
          "visitor_start_time": "1900",
          "previewAvailable": "1",
          "recapAvailable": "0",
          "notebookAvailable": "0",
          "tnt_ot": "0",
          "buzzerBeater": "0",
          "ticket": {
            "ticket_link": "https://a.data.nba.com/tickets/single/2019/0021900671/WEB_MWEB"
          },
          "period_time": {
            "period_value": "",
            "period_status": "7:00 pm ET",
            "game_status": "1",
            "game_clock": "",
            "total_periods": "4",
            "period_name": "Qtr"
          },
          "lp": {
            "lp_video": "true",
            "condensed_bb": "false",
            "visitor": {
              "audio": { "ENG": "false", "SPA": "false" },
              "video": { "avl": "false", "onAir": "false", "archBB": "false" }
            },
            "home": {
              "audio": { "ENG": "false", "SPA": "false" },
              "video": { "avl": "false", "onAir": "false", "archBB": "false" }
            }
          },
          "dl": { "link": [] },
          "broadcasters": {
            "radio": {
              "broadcaster": [
                {
                  "scope": "local",
                  "home_visitor": "visitor",
                  "display_name": "98.5 The Sports Hub"
                },
                {
                  "scope": "local",
                  "home_visitor": "home",
                  "display_name": "96.9 FM THE GAME / 98.1 SALSA Y MAS"
                }
              ]
            },
            "tv": {
              "broadcaster": [
                {
                  "scope": "can",
                  "home_visitor": "can",
                  "display_name": "TSN.ca & TSN App"
                },
                {
                  "scope": "local",
                  "home_visitor": "home",
                  "display_name": "Fox Sports Florida"
                },
                {
                  "scope": "local",
                  "home_visitor": "visitor",
                  "display_name": "NBC Sports Boston"
                }
              ]
            }
          },
          "visitor": {
            "id": "1610612738",
            "team_key": "BOS",
            "city": "Boston",
            "abbreviation": "BOS",
            "nickname": "Celtics",
            "url_name": "celtics",
            "team_code": "celtics",
            "score": ""
          },
          "home": {
            "id": "1610612753",
            "team_key": "ORL",
            "city": "Orlando",
            "abbreviation": "ORL",
            "nickname": "Magic",
            "url_name": "magic",
            "team_code": "magic",
            "score": ""
          }
        },
        {
          "id": "0021900672",
          "game_url": "20200124/TORNYK",
          "season_id": "22019",
          "date": "20200124",
          "time": "1930",
          "arena": "Madison Square Garden",
          "city": "New York",
          "state": "NY",
          "country": "USA",
          "home_start_date": "20200124",
          "home_start_time": "1930",
          "visitor_start_date": "20200124",
          "visitor_start_time": "1930",
          "previewAvailable": "1",
          "recapAvailable": "0",
          "notebookAvailable": "0",
          "tnt_ot": "0",
          "buzzerBeater": "0",
          "ticket": {
            "ticket_link": "https://a.data.nba.com/tickets/single/2019/0021900672/WEB_MWEB"
          },
          "period_time": {
            "period_value": "",
            "period_status": "7:30 pm ET",
            "game_status": "1",
            "game_clock": "",
            "total_periods": "4",
            "period_name": "Qtr"
          },
          "lp": {
            "lp_video": "true",
            "condensed_bb": "false",
            "visitor": {
              "audio": { "ENG": "false", "SPA": "false" },
              "video": { "avl": "false", "onAir": "false", "archBB": "false" }
            },
            "home": {
              "audio": { "ENG": "false", "SPA": "false" },
              "video": { "avl": "false", "onAir": "false", "archBB": "false" }
            }
          },
          "dl": {
            "link": [
              {
                "name": "MSG",
                "long_nm": "MSG",
                "code": "nykr",
                "url": "http://www.msggo.com/",
                "mobile_url": "",
                "home_visitor": "home"
              }
            ]
          },
          "broadcasters": {
            "radio": {
              "broadcaster": [
                {
                  "scope": "local",
                  "home_visitor": "visitor",
                  "display_name": "Sportsnet 590 The FAN"
                },
                {
                  "scope": "local",
                  "home_visitor": "home",
                  "display_name": "ESPN NY 98.7"
                }
              ]
            },
            "tv": {
              "broadcaster": [
                {
                  "scope": "local",
                  "home_visitor": "home",
                  "display_name": "MSG"
                },
                {
                  "scope": "local",
                  "home_visitor": "visitor",
                  "display_name": "SN1"
                }
              ]
            }
          },
          "visitor": {
            "id": "1610612761",
            "team_key": "TOR",
            "city": "Toronto",
            "abbreviation": "TOR",
            "nickname": "Raptors",
            "url_name": "raptors",
            "team_code": "raptors",
            "score": ""
          },
          "home": {
            "id": "1610612752",
            "team_key": "NYK",
            "city": "New York",
            "abbreviation": "NYK",
            "nickname": "Knicks",
            "url_name": "knicks",
            "team_code": "knicks",
            "score": ""
          }
        },
        {
          "id": "0021900673",
          "game_url": "20200124/LACMIA",
          "season_id": "22019",
          "date": "20200124",
          "time": "2000",
          "arena": "AmericanAirlines Arena",
          "city": "Miami",
          "state": "FL",
          "country": "USA",
          "home_start_date": "20200124",
          "home_start_time": "2000",
          "visitor_start_date": "20200124",
          "visitor_start_time": "1700",
          "previewAvailable": "1",
          "recapAvailable": "0",
          "notebookAvailable": "0",
          "tnt_ot": "0",
          "buzzerBeater": "0",
          "ticket": {
            "ticket_link": "https://a.data.nba.com/tickets/single/2019/0021900673/WEB_MWEB"
          },
          "period_time": {
            "period_value": "",
            "period_status": "8:00 pm ET",
            "game_status": "1",
            "game_clock": "",
            "total_periods": "4",
            "period_name": "Qtr"
          },
          "lp": {
            "lp_video": "true",
            "condensed_bb": "false",
            "visitor": {
              "audio": { "ENG": "false", "SPA": "false" },
              "video": { "avl": "false", "onAir": "false", "archBB": "false" }
            },
            "home": {
              "audio": { "ENG": "false", "SPA": "false" },
              "video": { "avl": "false", "onAir": "false", "archBB": "false" }
            }
          },
          "dl": { "link": [] },
          "broadcasters": {
            "radio": {
              "broadcaster": [
                {
                  "scope": "local",
                  "home_visitor": "visitor",
                  "display_name": "AM 570 LA Sports"
                },
                {
                  "scope": "local",
                  "home_visitor": "home",
                  "display_name": "WAXY 790 AM / S: WAQI 710 AM"
                }
              ]
            },
            "tv": {
              "broadcaster": [
                {
                  "scope": "natl",
                  "home_visitor": "natl",
                  "display_name": "ESPN"
                },
                {
                  "scope": "local",
                  "home_visitor": "home",
                  "display_name": "Fox Sports Sun"
                },
                {
                  "scope": "local",
                  "home_visitor": "visitor",
                  "display_name": "Fox Sports Prime Ticket"
                }
              ]
            }
          },
          "visitor": {
            "id": "1610612746",
            "team_key": "LAC",
            "city": "LA",
            "abbreviation": "LAC",
            "nickname": "Clippers",
            "url_name": "clippers",
            "team_code": "clippers",
            "score": ""
          },
          "home": {
            "id": "1610612748",
            "team_key": "MIA",
            "city": "Miami",
            "abbreviation": "MIA",
            "nickname": "Heat",
            "url_name": "heat",
            "team_code": "heat",
            "score": ""
          }
        },
        {
          "id": "0021900674",
          "game_url": "20200124/SACCHI",
          "season_id": "22019",
          "date": "20200124",
          "time": "2000",
          "arena": "United Center",
          "city": "Chicago",
          "state": "IL",
          "country": "USA",
          "home_start_date": "20200124",
          "home_start_time": "1900",
          "visitor_start_date": "20200124",
          "visitor_start_time": "1700",
          "previewAvailable": "1",
          "recapAvailable": "0",
          "notebookAvailable": "0",
          "tnt_ot": "0",
          "buzzerBeater": "0",
          "ticket": {
            "ticket_link": "https://a.data.nba.com/tickets/single/2019/0021900674/WEB_MWEB"
          },
          "period_time": {
            "period_value": "",
            "period_status": "8:00 pm ET",
            "game_status": "1",
            "game_clock": "",
            "total_periods": "4",
            "period_name": "Qtr"
          },
          "lp": {
            "lp_video": "true",
            "condensed_bb": "false",
            "visitor": {
              "audio": { "ENG": "false", "SPA": "false" },
              "video": { "avl": "false", "onAir": "false", "archBB": "false" }
            },
            "home": {
              "audio": { "ENG": "false", "SPA": "false" },
              "video": { "avl": "false", "onAir": "false", "archBB": "false" }
            }
          },
          "dl": { "link": [] },
          "broadcasters": {
            "radio": {
              "broadcaster": [
                {
                  "scope": "local",
                  "home_visitor": "visitor",
                  "display_name": "KHTK Sports 1140 AM"
                },
                {
                  "scope": "local",
                  "home_visitor": "home",
                  "display_name": "WSCR-AM 670 / UNIVISION CHICAGO 1200 AM"
                }
              ]
            },
            "tv": {
              "broadcaster": [
                {
                  "scope": "local",
                  "home_visitor": "home",
                  "display_name": "NBC Sports Chicago"
                },
                {
                  "scope": "local",
                  "home_visitor": "visitor",
                  "display_name": "NBC Sports California"
                }
              ]
            }
          },
          "visitor": {
            "id": "1610612758",
            "team_key": "SAC",
            "city": "Sacramento",
            "abbreviation": "SAC",
            "nickname": "Kings",
            "url_name": "kings",
            "team_code": "kings",
            "score": ""
          },
          "home": {
            "id": "1610612741",
            "team_key": "CHI",
            "city": "Chicago",
            "abbreviation": "CHI",
            "nickname": "Bulls",
            "url_name": "bulls",
            "team_code": "bulls",
            "score": ""
          }
        },
        {
          "id": "0021900675",
          "game_url": "20200124/HOUMIN",
          "season_id": "22019",
          "date": "20200124",
          "time": "2000",
          "arena": "Target Center",
          "city": "Minneapolis",
          "state": "MN",
          "country": "USA",
          "home_start_date": "20200124",
          "home_start_time": "1900",
          "visitor_start_date": "20200124",
          "visitor_start_time": "1900",
          "previewAvailable": "1",
          "recapAvailable": "0",
          "notebookAvailable": "0",
          "tnt_ot": "0",
          "buzzerBeater": "0",
          "ticket": {
            "ticket_link": "https://a.data.nba.com/tickets/single/2019/0021900675/WEB_MWEB"
          },
          "period_time": {
            "period_value": "",
            "period_status": "8:00 pm ET",
            "game_status": "1",
            "game_clock": "",
            "total_periods": "4",
            "period_name": "Qtr"
          },
          "lp": {
            "lp_video": "true",
            "condensed_bb": "false",
            "visitor": {
              "audio": { "ENG": "false", "SPA": "false" },
              "video": { "avl": "false", "onAir": "false", "archBB": "false" }
            },
            "home": {
              "audio": { "ENG": "false", "SPA": "false" },
              "video": { "avl": "false", "onAir": "false", "archBB": "false" }
            }
          },
          "dl": { "link": [] },
          "broadcasters": {
            "radio": {
              "broadcaster": [
                {
                  "scope": "local",
                  "home_visitor": "visitor",
                  "display_name": "790 KBME & 740 KTRH / 850 KEYH & 101.7 F"
                },
                {
                  "scope": "local",
                  "home_visitor": "home",
                  "display_name": "830 WCCO"
                }
              ]
            },
            "tv": {
              "broadcaster": [
                {
                  "scope": "local",
                  "home_visitor": "home",
                  "display_name": "Fox Sports North"
                },
                {
                  "scope": "local",
                  "home_visitor": "visitor",
                  "display_name": "AT&T Sportsnet - Southwest"
                }
              ]
            }
          },
          "visitor": {
            "id": "1610612745",
            "team_key": "HOU",
            "city": "Houston",
            "abbreviation": "HOU",
            "nickname": "Rockets",
            "url_name": "rockets",
            "team_code": "rockets",
            "score": ""
          },
          "home": {
            "id": "1610612750",
            "team_key": "MIN",
            "city": "Minnesota",
            "abbreviation": "MIN",
            "nickname": "Timberwolves",
            "url_name": "timberwolves",
            "team_code": "timberwolves",
            "score": ""
          }
        },
        {
          "id": "0021900676",
          "game_url": "20200124/DENNOP",
          "season_id": "22019",
          "date": "20200124",
          "time": "2000",
          "arena": "Smoothie King Center",
          "city": "New Orleans",
          "state": "LA",
          "country": "USA",
          "home_start_date": "20200124",
          "home_start_time": "1900",
          "visitor_start_date": "20200124",
          "visitor_start_time": "1800",
          "previewAvailable": "1",
          "recapAvailable": "0",
          "notebookAvailable": "0",
          "tnt_ot": "0",
          "buzzerBeater": "0",
          "ticket": {
            "ticket_link": "https://a.data.nba.com/tickets/single/2019/0021900676/WEB_MWEB"
          },
          "period_time": {
            "period_value": "",
            "period_status": "8:00 pm ET",
            "game_status": "1",
            "game_clock": "",
            "total_periods": "4",
            "period_name": "Qtr"
          },
          "lp": {
            "lp_video": "true",
            "condensed_bb": "false",
            "visitor": {
              "audio": { "ENG": "false", "SPA": "false" },
              "video": { "avl": "false", "onAir": "false", "archBB": "false" }
            },
            "home": {
              "audio": { "ENG": "false", "SPA": "false" },
              "video": { "avl": "false", "onAir": "false", "archBB": "false" }
            }
          },
          "dl": { "link": [] },
          "broadcasters": {
            "radio": {
              "broadcaster": [
                {
                  "scope": "local",
                  "home_visitor": "visitor",
                  "display_name": "KKSE 92.5FM/950AM"
                },
                {
                  "scope": "local",
                  "home_visitor": "home",
                  "display_name": "ESPN 100.3FM"
                }
              ]
            },
            "tv": {
              "broadcaster": [
                {
                  "scope": "can",
                  "home_visitor": "can",
                  "display_name": "SN NOW"
                },
                {
                  "scope": "local",
                  "home_visitor": "home",
                  "display_name": "Fox Sports New Orleans"
                },
                {
                  "scope": "local",
                  "home_visitor": "visitor",
                  "display_name": "Altitude"
                }
              ]
            }
          },
          "visitor": {
            "id": "1610612743",
            "team_key": "DEN",
            "city": "Denver",
            "abbreviation": "DEN",
            "nickname": "Nuggets",
            "url_name": "nuggets",
            "team_code": "nuggets",
            "score": ""
          },
          "home": {
            "id": "1610612740",
            "team_key": "NOP",
            "city": "New Orleans",
            "abbreviation": "NOP",
            "nickname": "Pelicans",
            "url_name": "pelicans",
            "team_code": "pelicans",
            "score": ""
          }
        },
        {
          "id": "0021900677",
          "game_url": "20200124/ATLOKC",
          "season_id": "22019",
          "date": "20200124",
          "time": "2000",
          "arena": "Chesapeake Energy Arena",
          "city": "Oklahoma City",
          "state": "OK",
          "country": "USA",
          "home_start_date": "20200124",
          "home_start_time": "1900",
          "visitor_start_date": "20200124",
          "visitor_start_time": "2000",
          "previewAvailable": "1",
          "recapAvailable": "0",
          "notebookAvailable": "0",
          "tnt_ot": "0",
          "buzzerBeater": "0",
          "ticket": {
            "ticket_link": "https://a.data.nba.com/tickets/single/2019/0021900677/WEB_MWEB"
          },
          "period_time": {
            "period_value": "",
            "period_status": "8:00 pm ET",
            "game_status": "1",
            "game_clock": "",
            "total_periods": "4",
            "period_name": "Qtr"
          },
          "lp": {
            "lp_video": "true",
            "condensed_bb": "false",
            "visitor": {
              "audio": { "ENG": "false", "SPA": "false" },
              "video": { "avl": "false", "onAir": "false", "archBB": "false" }
            },
            "home": {
              "audio": { "ENG": "false", "SPA": "false" },
              "video": { "avl": "false", "onAir": "false", "archBB": "false" }
            }
          },
          "dl": { "link": [] },
          "broadcasters": {
            "radio": {
              "broadcaster": [
                {
                  "scope": "local",
                  "home_visitor": "visitor",
                  "display_name": "WZGC 92.9 FM The Game"
                },
                {
                  "scope": "local",
                  "home_visitor": "home",
                  "display_name": "WWLS 98.1FM OKC / 930AM (ESP)"
                }
              ]
            },
            "tv": {
              "broadcaster": [
                {
                  "scope": "local",
                  "home_visitor": "home",
                  "display_name": "Fox Sports Oklahoma"
                },
                {
                  "scope": "local",
                  "home_visitor": "visitor",
                  "display_name": "Fox Sports Southeast - Atlanta"
                }
              ]
            }
          },
          "visitor": {
            "id": "1610612737",
            "team_key": "ATL",
            "city": "Atlanta",
            "abbreviation": "ATL",
            "nickname": "Hawks",
            "url_name": "hawks",
            "team_code": "hawks",
            "score": ""
          },
          "home": {
            "id": "1610612760",
            "team_key": "OKC",
            "city": "Oklahoma City",
            "abbreviation": "OKC",
            "nickname": "Thunder",
            "url_name": "thunder",
            "team_code": "thunder",
            "score": ""
          }
        },
        {
          "id": "0021900678",
          "game_url": "20200124/PHXSAS",
          "season_id": "22019",
          "date": "20200124",
          "time": "2030",
          "arena": "AT&T Center",
          "city": "San Antonio",
          "state": "TX",
          "country": "USA",
          "home_start_date": "20200124",
          "home_start_time": "1930",
          "visitor_start_date": "20200124",
          "visitor_start_time": "1830",
          "previewAvailable": "1",
          "recapAvailable": "0",
          "notebookAvailable": "0",
          "tnt_ot": "0",
          "buzzerBeater": "0",
          "ticket": {
            "ticket_link": "https://a.data.nba.com/tickets/single/2019/0021900678/WEB_MWEB"
          },
          "period_time": {
            "period_value": "",
            "period_status": "8:30 pm ET",
            "game_status": "1",
            "game_clock": "",
            "total_periods": "4",
            "period_name": "Qtr"
          },
          "lp": {
            "lp_video": "true",
            "condensed_bb": "false",
            "visitor": {
              "audio": { "ENG": "false", "SPA": "false" },
              "video": { "avl": "false", "onAir": "false", "archBB": "false" }
            },
            "home": {
              "audio": { "ENG": "false", "SPA": "false" },
              "video": { "avl": "false", "onAir": "false", "archBB": "false" }
            }
          },
          "dl": { "link": [] },
          "broadcasters": {
            "radio": {
              "broadcaster": [
                {
                  "scope": "local",
                  "home_visitor": "visitor",
                  "display_name": "AZ Sports 98.7 FM"
                },
                {
                  "scope": "local",
                  "home_visitor": "home",
                  "display_name": "WOAI 1200AM | S: KTXN 1350AM / 107.5FM H"
                }
              ]
            },
            "tv": {
              "broadcaster": [
                {
                  "scope": "local",
                  "home_visitor": "home",
                  "display_name": "Fox Sports Southwest - San Antonio"
                },
                {
                  "scope": "local",
                  "home_visitor": "visitor",
                  "display_name": "Fox Sports Arizona"
                }
              ]
            }
          },
          "visitor": {
            "id": "1610612756",
            "team_key": "PHX",
            "city": "Phoenix",
            "abbreviation": "PHX",
            "nickname": "Suns",
            "url_name": "suns",
            "team_code": "suns",
            "score": ""
          },
          "home": {
            "id": "1610612759",
            "team_key": "SAS",
            "city": "San Antonio",
            "abbreviation": "SAS",
            "nickname": "Spurs",
            "url_name": "spurs",
            "team_code": "spurs",
            "score": ""
          }
        },
        {
          "id": "0021900679",
          "game_url": "20200124/INDGSW",
          "season_id": "22019",
          "date": "20200124",
          "time": "2230",
          "arena": "Chase Center",
          "city": "San Francisco",
          "state": "CA",
          "country": "USA",
          "home_start_date": "20200124",
          "home_start_time": "1930",
          "visitor_start_date": "20200124",
          "visitor_start_time": "2230",
          "previewAvailable": "1",
          "recapAvailable": "0",
          "notebookAvailable": "0",
          "tnt_ot": "0",
          "buzzerBeater": "0",
          "ticket": {
            "ticket_link": "https://a.data.nba.com/tickets/single/2019/0021900679/WEB_MWEB"
          },
          "period_time": {
            "period_value": "",
            "period_status": "10:30 pm ET",
            "game_status": "1",
            "game_clock": "",
            "total_periods": "4",
            "period_name": "Qtr"
          },
          "lp": {
            "lp_video": "true",
            "condensed_bb": "false",
            "visitor": {
              "audio": { "ENG": "false", "SPA": "false" },
              "video": { "avl": "false", "onAir": "false", "archBB": "false" }
            },
            "home": {
              "audio": { "ENG": "false", "SPA": "false" },
              "video": { "avl": "false", "onAir": "false", "archBB": "false" }
            }
          },
          "dl": { "link": [] },
          "broadcasters": {
            "radio": {
              "broadcaster": [
                {
                  "scope": "local",
                  "home_visitor": "visitor",
                  "display_name": "93.5/107.5 FM The Fan"
                },
                {
                  "scope": "local",
                  "home_visitor": "home",
                  "display_name": "95.7 The Game"
                }
              ]
            },
            "tv": {
              "broadcaster": [
                {
                  "scope": "natl",
                  "home_visitor": "natl",
                  "display_name": "NBA TV"
                },
                {
                  "scope": "can",
                  "home_visitor": "can",
                  "display_name": "NBA TV Canada"
                },
                {
                  "scope": "local",
                  "home_visitor": "home",
                  "display_name": "NBC Sports Bay Area"
                },
                {
                  "scope": "local",
                  "home_visitor": "visitor",
                  "display_name": "Fox Sports Indiana"
                }
              ]
            }
          },
          "visitor": {
            "id": "1610612754",
            "team_key": "IND",
            "city": "Indiana",
            "abbreviation": "IND",
            "nickname": "Pacers",
            "url_name": "pacers",
            "team_code": "pacers",
            "score": ""
          },
          "home": {
            "id": "1610612744",
            "team_key": "GSW",
            "city": "Golden State",
            "abbreviation": "GSW",
            "nickname": "Warriors",
            "url_name": "warriors",
            "team_code": "warriors",
            "score": ""
          }
        }
      ]
    }
  }
}
